,d,sales,tm_w_end,tm_dw,tm_wm,tm_m,tm_w,sell_price,snap_count,is_event,date
0,1,232.0,1,5,5,1,4,5.167493,0,0,2011-01-29
1,2,209.0,1,6,5,1,4,5.167493,0,0,2011-01-30
2,3,145.0,0,0,5,1,5,5.167493,0,0,2011-01-31
3,4,195.0,0,1,1,2,5,5.167493,2,0,2011-02-01
4,5,126.0,0,2,1,2,5,5.167493,2,0,2011-02-02
5,6,212.0,0,3,1,2,5,5.167493,3,0,2011-02-03
6,7,130.0,0,4,1,2,5,5.167493,1,0,2011-02-04
7,8,228.0,1,5,1,2,5,5.199338,3,0,2011-02-05
8,9,235.0,1,6,1,2,5,5.199338,3,1,2011-02-06
9,10,116.0,0,0,1,2,6,5.199338,2,0,2011-02-07
10,11,169.0,0,1,2,2,6,5.199338,2,0,2011-02-08
11,12,111.0,0,2,2,2,6,5.199338,3,0,2011-02-09
12,13,114.0,0,3,2,2,6,5.199338,1,0,2011-02-10
13,14,179.0,0,4,2,2,6,5.199338,2,0,2011-02-11
14,15,157.0,1,5,2,2,6,5.2702694,2,0,2011-02-12
15,16,166.0,1,6,2,2,6,5.2702694,1,0,2011-02-13
16,17,106.0,0,0,2,2,7,5.2702694,1,1,2011-02-14
17,18,91.0,0,1,3,2,7,5.2702694,2,0,2011-02-15
18,19,147.0,0,2,3,2,7,5.2702694,0,0,2011-02-16
19,20,188.0,0,3,3,2,7,5.2702694,0,0,2011-02-17
20,21,136.0,0,4,3,2,7,5.2702694,0,0,2011-02-18
21,22,201.0,1,5,3,2,7,5.2738433,0,0,2011-02-19
22,23,241.0,1,6,3,2,7,5.2738433,0,0,2011-02-20
23,24,115.0,0,0,3,2,8,5.2738433,0,1,2011-02-21
24,25,136.0,0,1,4,2,8,5.2738433,0,0,2011-02-22
25,26,144.0,0,2,4,2,8,5.2738433,0,0,2011-02-23
26,27,141.0,0,3,4,2,8,5.2738433,0,0,2011-02-24
27,28,141.0,0,4,4,2,8,5.2738433,0,0,2011-02-25
28,29,148.0,1,5,4,2,8,5.27699,0,0,2011-02-26
29,30,137.0,1,6,4,2,8,5.27699,0,0,2011-02-27
30,31,86.0,0,0,4,2,9,5.27699,0,0,2011-02-28
31,32,99.0,0,1,1,3,9,5.27699,2,0,2011-03-01
32,33,85.0,0,2,1,3,9,5.27699,2,0,2011-03-02
33,34,107.0,0,3,1,3,9,5.27699,3,0,2011-03-03
34,35,87.0,0,4,1,3,9,5.27699,1,0,2011-03-04
35,36,144.0,1,5,1,3,9,5.2716556,3,0,2011-03-05
36,37,223.0,1,6,1,3,9,5.2716556,3,0,2011-03-06
37,38,155.0,0,0,1,3,10,5.2716556,2,0,2011-03-07
38,39,133.0,0,1,2,3,10,5.2716556,2,0,2011-03-08
39,40,211.0,0,2,2,3,10,5.2716556,3,1,2011-03-09
40,41,267.0,0,3,2,3,10,5.2716556,1,0,2011-03-10
41,42,190.0,0,4,2,3,10,5.2716556,2,0,2011-03-11
42,43,200.0,1,5,2,3,10,5.298955,2,0,2011-03-12
43,44,282.0,1,6,2,3,10,5.298955,1,0,2011-03-13
44,45,98.0,0,0,2,3,11,5.298955,1,0,2011-03-14
45,46,105.0,0,1,3,3,11,5.298955,2,0,2011-03-15
46,47,118.0,0,2,3,3,11,5.298955,0,1,2011-03-16
47,48,132.0,0,3,3,3,11,5.298955,0,1,2011-03-17
48,49,167.0,0,4,3,3,11,5.298955,0,0,2011-03-18
49,50,169.0,1,5,3,3,11,5.3434267,0,0,2011-03-19
50,51,169.0,1,6,3,3,11,5.3434267,0,1,2011-03-20
51,52,161.0,0,0,3,3,12,5.3434267,0,0,2011-03-21
52,53,84.0,0,1,4,3,12,5.3434267,0,0,2011-03-22
53,54,89.0,0,2,4,3,12,5.3434267,0,0,2011-03-23
54,55,167.0,0,3,4,3,12,5.3434267,0,0,2011-03-24
55,56,146.0,0,4,4,3,12,5.3434267,0,0,2011-03-25
56,57,181.0,1,5,4,3,12,5.3995204,0,0,2011-03-26
57,58,215.0,1,6,4,3,12,5.3995204,0,0,2011-03-27
58,59,177.0,0,0,4,3,13,5.3995204,0,0,2011-03-28
59,60,142.0,0,1,5,3,13,5.3995204,0,0,2011-03-29
60,61,118.0,0,2,5,3,13,5.3995204,0,0,2011-03-30
61,62,183.0,0,3,5,3,13,5.3995204,0,0,2011-03-31
62,63,148.0,0,4,1,4,13,5.3995204,2,0,2011-04-01
63,64,258.0,1,5,1,4,13,5.3837695,2,0,2011-04-02
64,65,217.0,1,6,1,4,13,5.3837695,3,0,2011-04-03
65,66,222.0,0,0,1,4,14,5.3837695,1,0,2011-04-04
66,67,138.0,0,1,1,4,14,5.3837695,3,0,2011-04-05
67,68,172.0,0,2,1,4,14,5.3837695,3,0,2011-04-06
68,69,181.0,0,3,1,4,14,5.3837695,2,0,2011-04-07
69,70,110.0,0,4,2,4,14,5.3837695,2,0,2011-04-08
70,71,177.0,1,5,2,4,14,5.34112,3,0,2011-04-09
71,72,172.0,1,6,2,4,14,5.34112,1,0,2011-04-10
72,73,188.0,0,0,2,4,15,5.34112,2,0,2011-04-11
73,74,194.0,0,1,2,4,15,5.34112,2,0,2011-04-12
74,75,159.0,0,2,2,4,15,5.34112,1,0,2011-04-13
75,76,147.0,0,3,2,4,15,5.34112,1,0,2011-04-14
76,77,165.0,0,4,3,4,15,5.34112,2,0,2011-04-15
77,78,208.0,1,5,3,4,15,5.3837953,0,0,2011-04-16
78,79,187.0,1,6,3,4,15,5.3837953,0,0,2011-04-17
79,80,218.0,0,0,3,4,16,5.3837953,0,0,2011-04-18
80,81,151.0,0,1,3,4,16,5.3837953,0,0,2011-04-19
81,82,150.0,0,2,3,4,16,5.3837953,0,0,2011-04-20
82,83,142.0,0,3,3,4,16,5.3837953,0,0,2011-04-21
83,84,172.0,0,4,4,4,16,5.3837953,0,0,2011-04-22
84,85,174.0,1,5,4,4,16,5.381445,0,0,2011-04-23
85,86,114.0,1,6,4,4,16,5.381445,0,2,2011-04-24
86,87,190.0,0,0,4,4,17,5.381445,0,0,2011-04-25
87,88,204.0,0,1,4,4,17,5.381445,0,1,2011-04-26
88,89,139.0,0,2,4,4,17,5.381445,0,0,2011-04-27
89,90,196.0,0,3,4,4,17,5.381445,0,0,2011-04-28
90,91,174.0,0,4,5,4,17,5.381445,0,0,2011-04-29
91,92,152.0,1,5,5,4,17,5.383522,0,0,2011-04-30
92,93,196.0,1,6,1,5,17,5.383522,2,0,2011-05-01
93,94,163.0,0,0,1,5,18,5.383522,2,0,2011-05-02
94,95,202.0,0,1,1,5,18,5.383522,3,0,2011-05-03
95,96,122.0,0,2,1,5,18,5.383522,1,0,2011-05-04
96,97,142.0,0,3,1,5,18,5.383522,3,1,2011-05-05
97,98,164.0,0,4,1,5,18,5.383522,3,0,2011-05-06
98,99,224.0,1,5,1,5,18,5.412793,2,0,2011-05-07
99,100,187.0,1,6,2,5,18,5.412793,2,1,2011-05-08
100,101,244.0,0,0,2,5,19,5.412793,3,0,2011-05-09
101,102,132.0,0,1,2,5,19,5.412793,1,0,2011-05-10
102,103,206.0,0,2,2,5,19,5.412793,2,0,2011-05-11
103,104,291.0,0,3,2,5,19,5.412793,2,0,2011-05-12
104,105,143.0,0,4,2,5,19,5.412793,1,0,2011-05-13
105,106,169.0,1,5,2,5,19,5.3957133,1,0,2011-05-14
106,107,263.0,1,6,3,5,19,5.3957133,2,0,2011-05-15
107,108,190.0,0,0,3,5,20,5.3957133,0,0,2011-05-16
108,109,155.0,0,1,3,5,20,5.3957133,0,0,2011-05-17
109,110,112.0,0,2,3,5,20,5.3957133,0,0,2011-05-18
110,111,119.0,0,3,3,5,20,5.3957133,0,0,2011-05-19
111,112,176.0,0,4,3,5,20,5.3957133,0,0,2011-05-20
112,113,224.0,1,5,3,5,20,5.377044,0,0,2011-05-21
113,114,174.0,1,6,4,5,20,5.377044,0,0,2011-05-22
114,115,189.0,0,0,4,5,21,5.377044,0,0,2011-05-23
115,116,133.0,0,1,4,5,21,5.377044,0,0,2011-05-24
116,117,182.0,0,2,4,5,21,5.377044,0,0,2011-05-25
117,118,149.0,0,3,4,5,21,5.377044,0,0,2011-05-26
118,119,217.0,0,4,4,5,21,5.377044,0,0,2011-05-27
119,120,182.0,1,5,4,5,21,5.3538713,0,0,2011-05-28
120,121,169.0,1,6,5,5,21,5.3538713,0,0,2011-05-29
121,122,180.0,0,0,5,5,22,5.3538713,0,1,2011-05-30
122,123,131.0,0,1,5,5,22,5.3538713,0,1,2011-05-31
123,124,137.0,0,2,1,6,22,5.3538713,2,0,2011-06-01
124,125,145.0,0,3,1,6,22,5.3538713,2,0,2011-06-02
125,126,144.0,0,4,1,6,22,5.3538713,3,0,2011-06-03
126,127,166.0,1,5,1,6,22,5.3538713,1,0,2011-06-04
127,128,263.0,1,6,1,6,22,5.3538713,3,0,2011-06-05
128,129,187.0,0,0,1,6,23,5.3538713,3,0,2011-06-06
129,130,155.0,0,1,1,6,23,5.3538713,2,0,2011-06-07
130,131,199.0,0,2,2,6,23,5.3538713,2,0,2011-06-08
131,132,157.0,0,3,2,6,23,5.3538713,3,0,2011-06-09
132,133,208.0,0,4,2,6,23,5.3538713,1,0,2011-06-10
133,134,297.0,1,5,2,6,23,5.351946,2,0,2011-06-11
134,135,172.0,1,6,2,6,23,5.351946,2,1,2011-06-12
135,136,148.0,0,0,2,6,24,5.351946,1,0,2011-06-13
136,137,259.0,0,1,2,6,24,5.351946,1,0,2011-06-14
137,138,260.0,0,2,3,6,24,5.351946,2,0,2011-06-15
138,139,204.0,0,3,3,6,24,5.351946,0,0,2011-06-16
139,140,191.0,0,4,3,6,24,5.351946,0,0,2011-06-17
140,141,220.0,1,5,3,6,24,5.351946,0,0,2011-06-18
141,142,228.0,1,6,3,6,24,5.351946,0,1,2011-06-19
142,143,146.0,0,0,3,6,25,5.351946,0,0,2011-06-20
143,144,167.0,0,1,3,6,25,5.351946,0,0,2011-06-21
144,145,204.0,0,2,4,6,25,5.351946,0,0,2011-06-22
145,146,205.0,0,3,4,6,25,5.351946,0,0,2011-06-23
146,147,173.0,0,4,4,6,25,5.351946,0,0,2011-06-24
147,148,163.0,1,5,4,6,25,5.4033566,0,0,2011-06-25
148,149,322.0,1,6,4,6,25,5.4033566,0,0,2011-06-26
149,150,214.0,0,0,4,6,26,5.4033566,0,0,2011-06-27
150,151,173.0,0,1,4,6,26,5.4033566,0,0,2011-06-28
151,152,214.0,0,2,5,6,26,5.4033566,0,0,2011-06-29
152,153,195.0,0,3,5,6,26,5.4033566,0,0,2011-06-30
153,154,197.0,0,4,1,7,26,5.4033566,2,0,2011-07-01
154,155,237.0,1,5,1,7,26,5.388167,2,0,2011-07-02
155,156,185.0,1,6,1,7,26,5.388167,3,0,2011-07-03
156,157,239.0,0,0,1,7,27,5.388167,1,1,2011-07-04
157,158,224.0,0,1,1,7,27,5.388167,3,0,2011-07-05
158,159,150.0,0,2,1,7,27,5.388167,3,0,2011-07-06
159,160,241.0,0,3,1,7,27,5.388167,2,0,2011-07-07
160,161,161.0,0,4,2,7,27,5.388167,2,0,2011-07-08
161,162,280.0,1,5,2,7,27,5.378277,3,0,2011-07-09
162,163,225.0,1,6,2,7,27,5.378277,1,0,2011-07-10
163,164,235.0,0,0,2,7,28,5.378277,2,0,2011-07-11
164,165,174.0,0,1,2,7,28,5.378277,2,0,2011-07-12
165,166,100.0,0,2,2,7,28,5.378277,1,0,2011-07-13
166,167,182.0,0,3,2,7,28,5.378277,1,0,2011-07-14
167,168,174.0,0,4,3,7,28,5.378277,2,0,2011-07-15
168,169,191.0,1,5,3,7,28,5.354997,0,0,2011-07-16
169,170,168.0,1,6,3,7,28,5.354997,0,0,2011-07-17
170,171,179.0,0,0,3,7,29,5.354997,0,0,2011-07-18
171,172,173.0,0,1,3,7,29,5.354997,0,0,2011-07-19
172,173,172.0,0,2,3,7,29,5.354997,0,0,2011-07-20
173,174,162.0,0,3,3,7,29,5.354997,0,0,2011-07-21
174,175,204.0,0,4,4,7,29,5.354997,0,0,2011-07-22
175,176,278.0,1,5,4,7,29,5.326099,0,0,2011-07-23
176,177,213.0,1,6,4,7,29,5.326099,0,0,2011-07-24
177,178,235.0,0,0,4,7,30,5.326099,0,0,2011-07-25
178,179,119.0,0,1,4,7,30,5.326099,0,0,2011-07-26
179,180,144.0,0,2,4,7,30,5.326099,0,0,2011-07-27
180,181,171.0,0,3,4,7,30,5.326099,0,0,2011-07-28
181,182,170.0,0,4,5,7,30,5.326099,0,0,2011-07-29
182,183,271.0,1,5,5,7,30,5.3200846,0,0,2011-07-30
183,184,252.0,1,6,5,7,30,5.3200846,0,0,2011-07-31
184,185,271.0,0,0,1,8,31,5.3200846,2,1,2011-08-01
185,186,149.0,0,1,1,8,31,5.3200846,2,0,2011-08-02
186,187,200.0,0,2,1,8,31,5.3200846,3,0,2011-08-03
187,188,121.0,0,3,1,8,31,5.3200846,1,0,2011-08-04
188,189,133.0,0,4,1,8,31,5.3200846,3,0,2011-08-05
189,190,180.0,1,5,1,8,31,5.289455,3,0,2011-08-06
190,191,260.0,1,6,1,8,31,5.289455,2,0,2011-08-07
191,192,178.0,0,0,2,8,32,5.289455,2,0,2011-08-08
192,193,148.0,0,1,2,8,32,5.289455,3,0,2011-08-09
193,194,137.0,0,2,2,8,32,5.289455,1,0,2011-08-10
194,195,165.0,0,3,2,8,32,5.289455,2,0,2011-08-11
195,196,146.0,0,4,2,8,32,5.289455,2,0,2011-08-12
196,197,169.0,1,5,2,8,32,5.285343,1,0,2011-08-13
197,198,191.0,1,6,2,8,32,5.285343,1,0,2011-08-14
198,199,189.0,0,0,3,8,33,5.285343,2,0,2011-08-15
199,200,131.0,0,1,3,8,33,5.285343,0,0,2011-08-16
200,201,178.0,0,2,3,8,33,5.285343,0,0,2011-08-17
201,202,194.0,0,3,3,8,33,5.285343,0,0,2011-08-18
202,203,149.0,0,4,3,8,33,5.285343,0,0,2011-08-19
203,204,209.0,1,5,3,8,33,5.2963753,0,0,2011-08-20
204,205,220.0,1,6,3,8,33,5.2963753,0,0,2011-08-21
205,206,219.0,0,0,4,8,34,5.2963753,0,0,2011-08-22
206,207,160.0,0,1,4,8,34,5.2963753,0,0,2011-08-23
207,208,190.0,0,2,4,8,34,5.2963753,0,0,2011-08-24
208,209,210.0,0,3,4,8,34,5.2963753,0,0,2011-08-25
209,210,165.0,0,4,4,8,34,5.2963753,0,0,2011-08-26
210,211,251.0,1,5,4,8,34,5.2912908,0,0,2011-08-27
211,212,149.0,1,6,4,8,34,5.2912908,0,0,2011-08-28
212,213,111.0,0,0,5,8,35,5.2912908,0,0,2011-08-29
213,214,126.0,0,1,5,8,35,5.2912908,0,0,2011-08-30
214,215,98.0,0,2,5,8,35,5.2912908,0,1,2011-08-31
215,216,155.0,0,3,1,9,35,5.2912908,2,0,2011-09-01
216,217,129.0,0,4,1,9,35,5.2912908,2,0,2011-09-02
217,218,234.0,1,5,1,9,35,5.277216,3,0,2011-09-03
218,219,122.0,1,6,1,9,35,5.277216,1,0,2011-09-04
219,220,116.0,0,0,1,9,36,5.277216,3,1,2011-09-05
220,221,149.0,0,1,1,9,36,5.277216,3,0,2011-09-06
221,222,158.0,0,2,1,9,36,5.277216,2,0,2011-09-07
222,223,151.0,0,3,2,9,36,5.277216,2,0,2011-09-08
223,224,136.0,0,4,2,9,36,5.277216,3,0,2011-09-09
224,225,187.0,1,5,2,9,36,5.284442,1,0,2011-09-10
225,226,259.0,1,6,2,9,36,5.284442,2,0,2011-09-11
226,227,155.0,0,0,2,9,37,5.284442,2,0,2011-09-12
227,228,116.0,0,1,2,9,37,5.284442,1,0,2011-09-13
228,229,101.0,0,2,2,9,37,5.284442,1,0,2011-09-14
229,230,162.0,0,3,3,9,37,5.284442,2,0,2011-09-15
230,231,182.0,0,4,3,9,37,5.284442,0,0,2011-09-16
231,232,253.0,1,5,3,9,37,5.29211,0,0,2011-09-17
232,233,194.0,1,6,3,9,37,5.29211,0,0,2011-09-18
233,234,179.0,0,0,3,9,38,5.29211,0,0,2011-09-19
234,235,155.0,0,1,3,9,38,5.29211,0,0,2011-09-20
235,236,163.0,0,2,3,9,38,5.29211,0,0,2011-09-21
236,237,109.0,0,3,4,9,38,5.29211,0,0,2011-09-22
237,238,181.0,0,4,4,9,38,5.29211,0,0,2011-09-23
238,239,261.0,1,5,4,9,38,5.2963867,0,0,2011-09-24
239,240,200.0,1,6,4,9,38,5.2963867,0,0,2011-09-25
240,241,204.0,0,0,4,9,39,5.2963867,0,0,2011-09-26
241,242,121.0,0,1,4,9,39,5.2963867,0,0,2011-09-27
242,243,152.0,0,2,4,9,39,5.2963867,0,0,2011-09-28
243,244,138.0,0,3,5,9,39,5.2963867,0,0,2011-09-29
244,245,168.0,0,4,5,9,39,5.2963867,0,0,2011-09-30
245,246,196.0,1,5,1,10,39,5.2872124,2,0,2011-10-01
246,247,179.0,1,6,1,10,39,5.2872124,2,0,2011-10-02
247,248,145.0,0,0,1,10,40,5.2872124,3,0,2011-10-03
248,249,171.0,0,1,1,10,40,5.2872124,1,0,2011-10-04
249,250,158.0,0,2,1,10,40,5.2872124,3,0,2011-10-05
250,251,121.0,0,3,1,10,40,5.2872124,3,0,2011-10-06
251,252,312.0,0,4,1,10,40,5.2872124,2,0,2011-10-07
252,253,152.0,1,5,2,10,40,5.2766347,2,0,2011-10-08
253,254,169.0,1,6,2,10,40,5.2766347,3,0,2011-10-09
254,255,206.0,0,0,2,10,41,5.2766347,1,1,2011-10-10
255,256,193.0,0,1,2,10,41,5.2766347,2,0,2011-10-11
256,257,142.0,0,2,2,10,41,5.2766347,2,0,2011-10-12
257,258,149.0,0,3,2,10,41,5.2766347,1,0,2011-10-13
258,259,166.0,0,4,2,10,41,5.2766347,1,0,2011-10-14
259,260,204.0,1,5,3,10,41,5.2789164,2,0,2011-10-15
260,261,186.0,1,6,3,10,41,5.2789164,0,0,2011-10-16
261,262,197.0,0,0,3,10,42,5.2789164,0,0,2011-10-17
262,263,118.0,0,1,3,10,42,5.2789164,0,0,2011-10-18
263,264,205.0,0,2,3,10,42,5.2789164,0,0,2011-10-19
264,265,151.0,0,3,3,10,42,5.2789164,0,0,2011-10-20
265,266,204.0,0,4,3,10,42,5.2789164,0,0,2011-10-21
266,267,196.0,1,5,4,10,42,5.3029513,0,0,2011-10-22
267,268,166.0,1,6,4,10,42,5.3029513,0,0,2011-10-23
268,269,162.0,0,0,4,10,43,5.3029513,0,0,2011-10-24
269,270,139.0,0,1,4,10,43,5.3029513,0,0,2011-10-25
270,271,175.0,0,2,4,10,43,5.3029513,0,0,2011-10-26
271,272,137.0,0,3,4,10,43,5.3029513,0,0,2011-10-27
272,273,160.0,0,4,4,10,43,5.3029513,0,0,2011-10-28
273,274,249.0,1,5,5,10,43,5.282448,0,0,2011-10-29
274,275,224.0,1,6,5,10,43,5.282448,0,0,2011-10-30
275,276,196.0,0,0,5,10,44,5.282448,0,1,2011-10-31
276,277,172.0,0,1,1,11,44,5.282448,2,0,2011-11-01
277,278,189.0,0,2,1,11,44,5.282448,2,0,2011-11-02
278,279,225.0,0,3,1,11,44,5.282448,3,0,2011-11-03
279,280,222.0,0,4,1,11,44,5.282448,1,0,2011-11-04
280,281,216.0,1,5,1,11,44,5.282029,3,0,2011-11-05
281,282,192.0,1,6,1,11,44,5.282029,3,0,2011-11-06
282,283,179.0,0,0,1,11,45,5.282029,2,1,2011-11-07
283,284,125.0,0,1,2,11,45,5.282029,2,0,2011-11-08
284,285,247.0,0,2,2,11,45,5.282029,3,0,2011-11-09
285,286,125.0,0,3,2,11,45,5.282029,1,0,2011-11-10
286,287,190.0,0,4,2,11,45,5.282029,2,1,2011-11-11
287,288,199.0,1,5,2,11,45,5.257219,2,0,2011-11-12
288,289,107.0,1,6,2,11,45,5.257219,1,0,2011-11-13
289,290,275.0,0,0,2,11,46,5.257219,1,0,2011-11-14
290,291,174.0,0,1,3,11,46,5.257219,2,0,2011-11-15
291,292,131.0,0,2,3,11,46,5.257219,0,0,2011-11-16
292,293,122.0,0,3,3,11,46,5.257219,0,0,2011-11-17
293,294,136.0,0,4,3,11,46,5.257219,0,0,2011-11-18
294,295,195.0,1,5,3,11,46,5.2616634,0,0,2011-11-19
295,296,191.0,1,6,3,11,46,5.2616634,0,0,2011-11-20
296,297,142.0,0,0,3,11,47,5.2616634,0,0,2011-11-21
297,298,138.0,0,1,4,11,47,5.2616634,0,0,2011-11-22
298,299,132.0,0,2,4,11,47,5.2616634,0,0,2011-11-23
299,300,105.0,0,3,4,11,47,5.2616634,0,1,2011-11-24
300,301,237.0,0,4,4,11,47,5.2616634,0,0,2011-11-25
301,302,220.0,1,5,4,11,47,5.2616634,0,0,2011-11-26
302,303,171.0,1,6,4,11,47,5.2616634,0,0,2011-11-27
303,304,99.0,0,0,4,11,48,5.2616634,0,0,2011-11-28
304,305,140.0,0,1,5,11,48,5.2616634,0,0,2011-11-29
305,306,101.0,0,2,5,11,48,5.2616634,0,0,2011-11-30
306,307,162.0,0,3,1,12,48,5.2616634,2,0,2011-12-01
307,308,138.0,0,4,1,12,48,5.2616634,2,0,2011-12-02
308,309,186.0,1,5,1,12,48,5.2451077,3,0,2011-12-03
309,310,267.0,1,6,1,12,48,5.2451077,1,0,2011-12-04
310,311,162.0,0,0,1,12,49,5.2451077,3,0,2011-12-05
311,312,188.0,0,1,1,12,49,5.2451077,3,0,2011-12-06
312,313,120.0,0,2,1,12,49,5.2451077,2,0,2011-12-07
313,314,111.0,0,3,2,12,49,5.2451077,2,0,2011-12-08
314,315,146.0,0,4,2,12,49,5.2451077,3,0,2011-12-09
315,316,203.0,1,5,2,12,49,5.24595,1,0,2011-12-10
316,317,162.0,1,6,2,12,49,5.24595,2,0,2011-12-11
317,318,214.0,0,0,2,12,50,5.24595,2,0,2011-12-12
318,319,143.0,0,1,2,12,50,5.24595,1,0,2011-12-13
319,320,105.0,0,2,2,12,50,5.24595,1,0,2011-12-14
320,321,189.0,0,3,3,12,50,5.24595,2,0,2011-12-15
321,322,192.0,0,4,3,12,50,5.24595,0,0,2011-12-16
322,323,274.0,1,5,3,12,50,5.24595,0,0,2011-12-17
323,324,150.0,1,6,3,12,50,5.24595,0,0,2011-12-18
324,325,212.0,0,0,3,12,51,5.24595,0,0,2011-12-19
325,326,130.0,0,1,3,12,51,5.24595,0,0,2011-12-20
326,327,150.0,0,2,3,12,51,5.24595,0,0,2011-12-21
327,328,172.0,0,3,4,12,51,5.24595,0,0,2011-12-22
328,329,147.0,0,4,4,12,51,5.24595,0,0,2011-12-23
329,330,201.0,1,5,4,12,51,5.2433834,0,0,2011-12-24
330,331,0.0,1,6,4,12,51,5.2433834,0,1,2011-12-25
331,332,260.0,0,0,4,12,52,5.2433834,0,0,2011-12-26
332,333,134.0,0,1,4,12,52,5.2433834,0,0,2011-12-27
333,334,125.0,0,2,4,12,52,5.2433834,0,1,2011-12-28
334,335,173.0,0,3,5,12,52,5.2433834,0,0,2011-12-29
335,336,165.0,0,4,5,12,52,5.2433834,0,0,2011-12-30
336,337,238.0,1,5,5,12,52,5.2454185,0,0,2011-12-31
337,338,129.0,1,6,1,1,52,5.2454185,2,1,2012-01-01
338,339,199.0,0,0,1,1,1,5.2454185,2,0,2012-01-02
339,340,176.0,0,1,1,1,1,5.2454185,3,0,2012-01-03
340,341,137.0,0,2,1,1,1,5.2454185,1,0,2012-01-04
341,342,102.0,0,3,1,1,1,5.2454185,3,0,2012-01-05
342,343,147.0,0,4,1,1,1,5.2454185,3,0,2012-01-06
343,344,164.0,1,5,1,1,1,5.245793,2,1,2012-01-07
344,345,157.0,1,6,2,1,1,5.245793,2,0,2012-01-08
345,346,105.0,0,0,2,1,2,5.245793,3,0,2012-01-09
346,347,253.0,0,1,2,1,2,5.245793,1,0,2012-01-10
347,348,153.0,0,2,2,1,2,5.245793,2,0,2012-01-11
348,349,141.0,0,3,2,1,2,5.245793,2,0,2012-01-12
349,350,153.0,0,4,2,1,2,5.245793,1,0,2012-01-13
350,351,192.0,1,5,2,1,2,5.258338,1,0,2012-01-14
351,352,210.0,1,6,3,1,2,5.258338,2,0,2012-01-15
352,353,158.0,0,0,3,1,3,5.258338,0,1,2012-01-16
353,354,169.0,0,1,3,1,3,5.258338,0,0,2012-01-17
354,355,145.0,0,2,3,1,3,5.258338,0,0,2012-01-18
355,356,181.0,0,3,3,1,3,5.258338,0,0,2012-01-19
356,357,168.0,0,4,3,1,3,5.258338,0,0,2012-01-20
357,358,216.0,1,5,3,1,3,5.231088,0,0,2012-01-21
358,359,180.0,1,6,4,1,3,5.231088,0,0,2012-01-22
359,360,170.0,0,0,4,1,4,5.231088,0,0,2012-01-23
360,361,177.0,0,1,4,1,4,5.231088,0,0,2012-01-24
361,362,148.0,0,2,4,1,4,5.231088,0,0,2012-01-25
362,363,128.0,0,3,4,1,4,5.231088,0,0,2012-01-26
363,364,185.0,0,4,4,1,4,5.231088,0,0,2012-01-27
364,365,201.0,1,5,4,1,4,5.267036,0,0,2012-01-28
365,366,284.0,1,6,5,1,4,5.267036,0,0,2012-01-29
366,367,135.0,0,0,5,1,5,5.267036,0,0,2012-01-30
367,368,159.0,0,1,5,1,5,5.267036,0,0,2012-01-31
368,369,188.0,0,2,1,2,5,5.267036,2,0,2012-02-01
369,370,221.0,0,3,1,2,5,5.267036,2,0,2012-02-02
370,371,254.0,0,4,1,2,5,5.267036,3,0,2012-02-03
371,372,233.0,1,5,1,2,5,5.3073244,1,0,2012-02-04
372,373,220.0,1,6,1,2,5,5.3073244,3,1,2012-02-05
373,374,147.0,0,0,1,2,6,5.3073244,3,0,2012-02-06
374,375,169.0,0,1,1,2,6,5.3073244,2,0,2012-02-07
375,376,200.0,0,2,2,2,6,5.3073244,2,0,2012-02-08
376,377,129.0,0,3,2,2,6,5.3073244,3,0,2012-02-09
377,378,184.0,0,4,2,2,6,5.3073244,1,0,2012-02-10
378,379,226.0,1,5,2,2,6,5.291487,2,0,2012-02-11
379,380,281.0,1,6,2,2,6,5.291487,2,0,2012-02-12
380,381,187.0,0,0,2,2,7,5.291487,1,0,2012-02-13
381,382,184.0,0,1,2,2,7,5.291487,1,1,2012-02-14
382,383,154.0,0,2,3,2,7,5.291487,2,0,2012-02-15
383,384,213.0,0,3,3,2,7,5.291487,0,0,2012-02-16
384,385,166.0,0,4,3,2,7,5.291487,0,0,2012-02-17
385,386,282.0,1,5,3,2,7,5.3568463,0,0,2012-02-18
386,387,179.0,1,6,3,2,7,5.3568463,0,0,2012-02-19
387,388,131.0,0,0,3,2,8,5.3568463,0,1,2012-02-20
388,389,169.0,0,1,3,2,8,5.3568463,0,0,2012-02-21
389,390,124.0,0,2,4,2,8,5.3568463,0,1,2012-02-22
390,391,192.0,0,3,4,2,8,5.3568463,0,0,2012-02-23
391,392,199.0,0,4,4,2,8,5.3568463,0,0,2012-02-24
392,393,189.0,1,5,4,2,8,5.408132,0,0,2012-02-25
393,394,198.0,1,6,4,2,8,5.408132,0,0,2012-02-26
394,395,163.0,0,0,4,2,9,5.408132,0,0,2012-02-27
395,396,142.0,0,1,4,2,9,5.408132,0,0,2012-02-28
396,397,162.0,0,2,5,2,9,5.408132,0,1,2012-02-29
397,398,198.0,0,3,1,3,9,5.408132,2,0,2012-03-01
398,399,210.0,0,4,1,3,9,5.408132,2,0,2012-03-02
399,400,213.0,1,5,1,3,9,5.42294,3,0,2012-03-03
400,401,237.0,1,6,1,3,9,5.42294,1,0,2012-03-04
401,402,178.0,0,0,1,3,10,5.42294,3,0,2012-03-05
402,403,158.0,0,1,1,3,10,5.42294,3,0,2012-03-06
403,404,143.0,0,2,1,3,10,5.42294,2,0,2012-03-07
404,405,168.0,0,3,2,3,10,5.42294,2,1,2012-03-08
405,406,142.0,0,4,2,3,10,5.42294,3,0,2012-03-09
406,407,180.0,1,5,2,3,10,5.4516478,1,0,2012-03-10
407,408,181.0,1,6,2,3,10,5.4516478,2,0,2012-03-11
408,409,160.0,0,0,2,3,11,5.4516478,2,0,2012-03-12
409,410,164.0,0,1,2,3,11,5.4516478,1,0,2012-03-13
410,411,150.0,0,2,2,3,11,5.4516478,1,0,2012-03-14
411,412,216.0,0,3,3,3,11,5.4516478,2,0,2012-03-15
412,413,134.0,0,4,3,3,11,5.4516478,0,0,2012-03-16
413,414,219.0,1,5,3,3,11,5.488514,0,1,2012-03-17
414,415,202.0,1,6,3,3,11,5.488514,0,0,2012-03-18
415,416,186.0,0,0,3,3,12,5.488514,0,0,2012-03-19
416,417,181.0,0,1,3,3,12,5.488514,0,0,2012-03-20
417,418,119.0,0,2,3,3,12,5.488514,0,0,2012-03-21
418,419,177.0,0,3,4,3,12,5.488514,0,0,2012-03-22
419,420,152.0,0,4,4,3,12,5.488514,0,0,2012-03-23
420,421,146.0,1,5,4,3,12,5.512495,0,0,2012-03-24
421,422,224.0,1,6,4,3,12,5.512495,0,0,2012-03-25
422,423,162.0,0,0,4,3,13,5.512495,0,0,2012-03-26
423,424,172.0,0,1,4,3,13,5.512495,0,0,2012-03-27
424,425,158.0,0,2,4,3,13,5.512495,0,0,2012-03-28
425,426,180.0,0,3,5,3,13,5.512495,0,0,2012-03-29
426,427,158.0,0,4,5,3,13,5.512495,0,0,2012-03-30
427,428,241.0,1,5,5,3,13,5.491038,0,0,2012-03-31
428,429,246.0,1,6,1,4,13,5.491038,2,0,2012-04-01
429,430,227.0,0,0,1,4,14,5.491038,2,0,2012-04-02
430,431,142.0,0,1,1,4,14,5.491038,3,0,2012-04-03
431,432,75.0,0,2,1,4,14,5.491038,1,0,2012-04-04
432,433,150.0,0,3,1,4,14,5.491038,3,0,2012-04-05
433,434,164.0,0,4,1,4,14,5.491038,3,0,2012-04-06
434,435,259.0,1,5,1,4,14,5.4923873,2,0,2012-04-07
435,436,146.0,1,6,2,4,14,5.4923873,2,1,2012-04-08
436,437,213.0,0,0,2,4,15,5.4923873,3,0,2012-04-09
437,438,146.0,0,1,2,4,15,5.4923873,1,0,2012-04-10
438,439,202.0,0,2,2,4,15,5.4923873,2,0,2012-04-11
439,440,150.0,0,3,2,4,15,5.4923873,2,0,2012-04-12
440,441,198.0,0,4,2,4,15,5.4923873,1,0,2012-04-13
441,442,225.0,1,5,2,4,15,5.4914885,1,1,2012-04-14
442,443,234.0,1,6,3,4,15,5.4914885,2,1,2012-04-15
443,444,152.0,0,0,3,4,16,5.4914885,0,0,2012-04-16
444,445,207.0,0,1,3,4,16,5.4914885,0,0,2012-04-17
445,446,138.0,0,2,3,4,16,5.4914885,0,0,2012-04-18
446,447,186.0,0,3,3,4,16,5.4914885,0,0,2012-04-19
447,448,213.0,0,4,3,4,16,5.4914885,0,0,2012-04-20
448,449,205.0,1,5,3,4,16,5.4763675,0,0,2012-04-21
449,450,225.0,1,6,4,4,16,5.4763675,0,0,2012-04-22
450,451,184.0,0,0,4,4,17,5.4763675,0,0,2012-04-23
451,452,153.0,0,1,4,4,17,5.4763675,0,0,2012-04-24
452,453,256.0,0,2,4,4,17,5.4763675,0,0,2012-04-25
453,454,154.0,0,3,4,4,17,5.4763675,0,0,2012-04-26
454,455,159.0,0,4,4,4,17,5.4763675,0,0,2012-04-27
455,456,210.0,1,5,4,4,17,5.460567,0,0,2012-04-28
456,457,289.0,1,6,5,4,17,5.460567,0,0,2012-04-29
457,458,182.0,0,0,5,4,18,5.460567,0,0,2012-04-30
458,459,189.0,0,1,1,5,18,5.460567,2,0,2012-05-01
459,460,157.0,0,2,1,5,18,5.460567,2,0,2012-05-02
460,461,213.0,0,3,1,5,18,5.460567,3,0,2012-05-03
461,462,305.0,0,4,1,5,18,5.460567,1,0,2012-05-04
462,463,230.0,1,5,1,5,18,5.444367,3,1,2012-05-05
463,464,195.0,1,6,1,5,18,5.444367,3,0,2012-05-06
464,465,171.0,0,0,1,5,19,5.444367,2,0,2012-05-07
465,466,109.0,0,1,2,5,19,5.444367,2,0,2012-05-08
466,467,125.0,0,2,2,5,19,5.444367,3,0,2012-05-09
467,468,116.0,0,3,2,5,19,5.444367,1,0,2012-05-10
468,469,152.0,0,4,2,5,19,5.444367,2,0,2012-05-11
469,470,143.0,1,5,2,5,19,5.417597,2,0,2012-05-12
470,471,180.0,1,6,2,5,19,5.417597,1,1,2012-05-13
471,472,136.0,0,0,2,5,20,5.417597,1,0,2012-05-14
472,473,201.0,0,1,3,5,20,5.417597,2,0,2012-05-15
473,474,137.0,0,2,3,5,20,5.417597,0,0,2012-05-16
474,475,140.0,0,3,3,5,20,5.417597,0,0,2012-05-17
475,476,132.0,0,4,3,5,20,5.417597,0,0,2012-05-18
476,477,233.0,1,5,3,5,20,5.4197536,0,0,2012-05-19
477,478,177.0,1,6,3,5,20,5.4197536,0,0,2012-05-20
478,479,156.0,0,0,3,5,21,5.4197536,0,0,2012-05-21
479,480,178.0,0,1,4,5,21,5.4197536,0,0,2012-05-22
480,481,130.0,0,2,4,5,21,5.4197536,0,0,2012-05-23
481,482,117.0,0,3,4,5,21,5.4197536,0,0,2012-05-24
482,483,213.0,0,4,4,5,21,5.4197536,0,0,2012-05-25
483,484,162.0,1,5,4,5,21,5.407189,0,0,2012-05-26
484,485,215.0,1,6,4,5,21,5.407189,0,0,2012-05-27
485,486,198.0,0,0,4,5,22,5.407189,0,1,2012-05-28
486,487,162.0,0,1,5,5,22,5.407189,0,0,2012-05-29
487,488,151.0,0,2,5,5,22,5.407189,0,0,2012-05-30
488,489,181.0,0,3,5,5,22,5.407189,0,0,2012-05-31
489,490,289.0,0,4,1,6,22,5.407189,2,0,2012-06-01
490,491,274.0,1,5,1,6,22,5.4340987,2,0,2012-06-02
491,492,188.0,1,6,1,6,22,5.4340987,3,0,2012-06-03
492,493,186.0,0,0,1,6,23,5.4340987,1,0,2012-06-04
493,494,155.0,0,1,1,6,23,5.4340987,3,0,2012-06-05
494,495,206.0,0,2,1,6,23,5.4340987,3,0,2012-06-06
495,496,218.0,0,3,1,6,23,5.4340987,2,0,2012-06-07
496,497,178.0,0,4,2,6,23,5.4340987,2,0,2012-06-08
497,498,300.0,1,5,2,6,23,5.433431,3,0,2012-06-09
498,499,182.0,1,6,2,6,23,5.433431,1,0,2012-06-10
499,500,208.0,0,0,2,6,24,5.433431,2,0,2012-06-11
500,501,181.0,0,1,2,6,24,5.433431,2,1,2012-06-12
501,502,219.0,0,2,2,6,24,5.433431,1,0,2012-06-13
502,503,164.0,0,3,2,6,24,5.433431,1,0,2012-06-14
503,504,168.0,0,4,3,6,24,5.433431,2,0,2012-06-15
504,505,275.0,1,5,3,6,24,5.437089,0,0,2012-06-16
505,506,229.0,1,6,3,6,24,5.437089,0,1,2012-06-17
506,507,163.0,0,0,3,6,25,5.437089,0,0,2012-06-18
507,508,208.0,0,1,3,6,25,5.437089,0,0,2012-06-19
508,509,172.0,0,2,3,6,25,5.437089,0,0,2012-06-20
509,510,146.0,0,3,3,6,25,5.437089,0,1,2012-06-21
510,511,216.0,0,4,4,6,25,5.437089,0,0,2012-06-22
511,512,176.0,1,5,4,6,25,5.5669055,0,0,2012-06-23
512,513,223.0,1,6,4,6,25,5.5669055,0,0,2012-06-24
513,514,168.0,0,0,4,6,26,5.5669055,0,0,2012-06-25
514,515,127.0,0,1,4,6,26,5.5669055,0,0,2012-06-26
515,516,193.0,0,2,4,6,26,5.5669055,0,0,2012-06-27
516,517,184.0,0,3,4,6,26,5.5669055,0,0,2012-06-28
517,518,198.0,0,4,5,6,26,5.5669055,0,0,2012-06-29
518,519,253.0,1,5,5,6,26,5.847112,0,0,2012-06-30
519,520,236.0,1,6,1,7,26,5.847112,2,0,2012-07-01
520,521,125.0,0,0,1,7,27,5.847112,2,0,2012-07-02
521,522,157.0,0,1,1,7,27,5.847112,3,0,2012-07-03
522,523,135.0,0,2,1,7,27,5.847112,1,1,2012-07-04
523,524,154.0,0,3,1,7,27,5.847112,3,0,2012-07-05
524,525,244.0,0,4,1,7,27,5.847112,3,0,2012-07-06
525,526,160.0,1,5,1,7,27,5.873018,2,0,2012-07-07
526,527,185.0,1,6,2,7,27,5.873018,2,0,2012-07-08
527,528,163.0,0,0,2,7,28,5.873018,3,0,2012-07-09
528,529,164.0,0,1,2,7,28,5.873018,1,0,2012-07-10
529,530,212.0,0,2,2,7,28,5.873018,2,0,2012-07-11
530,531,175.0,0,3,2,7,28,5.873018,2,0,2012-07-12
531,532,195.0,0,4,2,7,28,5.873018,1,0,2012-07-13
532,533,298.0,1,5,2,7,28,5.8457975,1,0,2012-07-14
533,534,234.0,1,6,3,7,28,5.8457975,2,0,2012-07-15
534,535,153.0,0,0,3,7,29,5.8457975,0,0,2012-07-16
535,536,167.0,0,1,3,7,29,5.8457975,0,0,2012-07-17
536,537,174.0,0,2,3,7,29,5.8457975,0,0,2012-07-18
537,538,161.0,0,3,3,7,29,5.8457975,0,0,2012-07-19
538,539,212.0,0,4,3,7,29,5.8457975,0,1,2012-07-20
539,540,225.0,1,5,3,7,29,5.9248595,0,0,2012-07-21
540,541,287.0,1,6,4,7,29,5.9248595,0,0,2012-07-22
541,542,215.0,0,0,4,7,30,5.9248595,0,0,2012-07-23
542,543,207.0,0,1,4,7,30,5.9248595,0,0,2012-07-24
543,544,157.0,0,2,4,7,30,5.9248595,0,0,2012-07-25
544,545,176.0,0,3,4,7,30,5.9248595,0,0,2012-07-26
545,546,180.0,0,4,4,7,30,5.9248595,0,0,2012-07-27
546,547,220.0,1,5,4,7,30,5.966381,0,0,2012-07-28
547,548,178.0,1,6,5,7,30,5.966381,0,0,2012-07-29
548,549,158.0,0,0,5,7,31,5.966381,0,0,2012-07-30
549,550,142.0,0,1,5,7,31,5.966381,0,0,2012-07-31
550,551,215.0,0,2,1,8,31,5.966381,2,0,2012-08-01
551,552,187.0,0,3,1,8,31,5.966381,2,0,2012-08-02
552,553,190.0,0,4,1,8,31,5.966381,3,0,2012-08-03
553,554,199.0,1,5,1,8,31,6.02294,1,0,2012-08-04
554,555,277.0,1,6,1,8,31,6.02294,3,0,2012-08-05
555,556,166.0,0,0,1,8,32,6.02294,3,0,2012-08-06
556,557,158.0,0,1,1,8,32,6.02294,2,0,2012-08-07
557,558,129.0,0,2,2,8,32,6.02294,2,0,2012-08-08
558,559,178.0,0,3,2,8,32,6.02294,3,0,2012-08-09
559,560,139.0,0,4,2,8,32,6.02294,1,0,2012-08-10
560,561,234.0,1,5,2,8,32,6.0619035,2,0,2012-08-11
561,562,255.0,1,6,2,8,32,6.0619035,2,0,2012-08-12
562,563,126.0,0,0,2,8,33,6.0619035,1,0,2012-08-13
563,564,155.0,0,1,2,8,33,6.0619035,1,0,2012-08-14
564,565,183.0,0,2,3,8,33,6.0619035,2,0,2012-08-15
565,566,166.0,0,3,3,8,33,6.0619035,0,0,2012-08-16
566,567,162.0,0,4,3,8,33,6.0619035,0,0,2012-08-17
567,568,243.0,1,5,3,8,33,6.0620317,0,0,2012-08-18
568,569,237.0,1,6,3,8,33,6.0620317,0,1,2012-08-19
569,570,176.0,0,0,3,8,34,6.0620317,0,0,2012-08-20
570,571,178.0,0,1,3,8,34,6.0620317,0,0,2012-08-21
571,572,163.0,0,2,4,8,34,6.0620317,0,0,2012-08-22
572,573,114.0,0,3,4,8,34,6.0620317,0,0,2012-08-23
573,574,146.0,0,4,4,8,34,6.0620317,0,0,2012-08-24
574,575,214.0,1,5,4,8,34,6.0571775,0,0,2012-08-25
575,576,255.0,1,6,4,8,34,6.0571775,0,0,2012-08-26
576,577,137.0,0,0,4,8,35,6.0571775,0,0,2012-08-27
577,578,154.0,0,1,4,8,35,6.0571775,0,0,2012-08-28
578,579,148.0,0,2,5,8,35,6.0571775,0,0,2012-08-29
579,580,128.0,0,3,5,8,35,6.0571775,0,0,2012-08-30
580,581,229.0,0,4,5,8,35,6.0571775,0,0,2012-08-31
581,582,305.0,1,5,1,9,35,6.0741987,2,0,2012-09-01
582,583,198.0,1,6,1,9,35,6.0741987,2,0,2012-09-02
583,584,175.0,0,0,1,9,36,6.0741987,3,1,2012-09-03
584,585,143.0,0,1,1,9,36,6.0741987,1,0,2012-09-04
585,586,173.0,0,2,1,9,36,6.0741987,3,0,2012-09-05
586,587,212.0,0,3,1,9,36,6.0741987,3,0,2012-09-06
587,588,157.0,0,4,1,9,36,6.0741987,2,0,2012-09-07
588,589,211.0,1,5,2,9,36,6.0741987,2,0,2012-09-08
589,590,190.0,1,6,2,9,36,6.0741987,3,0,2012-09-09
590,591,152.0,0,0,2,9,37,6.0741987,1,0,2012-09-10
591,592,134.0,0,1,2,9,37,6.0741987,2,0,2012-09-11
592,593,119.0,0,2,2,9,37,6.0741987,2,0,2012-09-12
593,594,144.0,0,3,2,9,37,6.0741987,1,0,2012-09-13
594,595,203.0,0,4,2,9,37,6.0741987,1,0,2012-09-14
595,596,242.0,1,5,3,9,37,6.0741987,2,0,2012-09-15
596,597,282.0,1,6,3,9,37,6.0741987,0,0,2012-09-16
597,598,176.0,0,0,3,9,38,6.0741987,0,0,2012-09-17
598,599,132.0,0,1,3,9,38,6.0741987,0,0,2012-09-18
599,600,117.0,0,2,3,9,38,6.0741987,0,0,2012-09-19
600,601,132.0,0,3,3,9,38,6.0741987,0,0,2012-09-20
601,602,162.0,0,4,3,9,38,6.0741987,0,0,2012-09-21
602,603,222.0,1,5,4,9,38,6.080261,0,0,2012-09-22
603,604,206.0,1,6,4,9,38,6.080261,0,0,2012-09-23
604,605,162.0,0,0,4,9,39,6.080261,0,0,2012-09-24
605,606,170.0,0,1,4,9,39,6.080261,0,0,2012-09-25
606,607,184.0,0,2,4,9,39,6.080261,0,0,2012-09-26
607,608,153.0,0,3,4,9,39,6.080261,0,0,2012-09-27
608,609,160.0,0,4,4,9,39,6.080261,0,0,2012-09-28
609,610,215.0,1,5,5,9,39,6.09116,0,0,2012-09-29
610,611,183.0,1,6,5,9,39,6.09116,0,0,2012-09-30
611,612,189.0,0,0,1,10,40,6.09116,2,0,2012-10-01
612,613,155.0,0,1,1,10,40,6.09116,2,0,2012-10-02
613,614,158.0,0,2,1,10,40,6.09116,3,0,2012-10-03
614,615,141.0,0,3,1,10,40,6.09116,1,0,2012-10-04
615,616,197.0,0,4,1,10,40,6.09116,3,0,2012-10-05
616,617,208.0,1,5,1,10,40,6.0970936,3,0,2012-10-06
617,618,219.0,1,6,1,10,40,6.0970936,2,0,2012-10-07
618,619,151.0,0,0,2,10,41,6.0970936,2,1,2012-10-08
619,620,141.0,0,1,2,10,41,6.0970936,3,0,2012-10-09
620,621,130.0,0,2,2,10,41,6.0970936,1,0,2012-10-10
621,622,189.0,0,3,2,10,41,6.0970936,2,0,2012-10-11
622,623,197.0,0,4,2,10,41,6.0970936,2,0,2012-10-12
623,624,208.0,1,5,2,10,41,6.0970936,1,0,2012-10-13
624,625,231.0,1,6,2,10,41,6.0970936,1,0,2012-10-14
625,626,179.0,0,0,3,10,42,6.0970936,2,0,2012-10-15
626,627,134.0,0,1,3,10,42,6.0970936,0,0,2012-10-16
627,628,194.0,0,2,3,10,42,6.0970936,0,0,2012-10-17
628,629,169.0,0,3,3,10,42,6.0970936,0,0,2012-10-18
629,630,175.0,0,4,3,10,42,6.0970936,0,0,2012-10-19
630,631,207.0,1,5,3,10,42,6.0970936,0,0,2012-10-20
631,632,246.0,1,6,3,10,42,6.0970936,0,0,2012-10-21
632,633,177.0,0,0,4,10,43,6.0970936,0,0,2012-10-22
633,634,166.0,0,1,4,10,43,6.0970936,0,0,2012-10-23
634,635,144.0,0,2,4,10,43,6.0970936,0,0,2012-10-24
635,636,178.0,0,3,4,10,43,6.0970936,0,0,2012-10-25
636,637,172.0,0,4,4,10,43,6.0970936,0,1,2012-10-26
637,638,221.0,1,5,4,10,43,6.080597,0,0,2012-10-27
638,639,165.0,1,6,4,10,43,6.080597,0,0,2012-10-28
639,640,191.0,0,0,5,10,44,6.080597,0,0,2012-10-29
640,641,120.0,0,1,5,10,44,6.080597,0,0,2012-10-30
641,642,129.0,0,2,5,10,44,6.080597,0,1,2012-10-31
642,643,166.0,0,3,1,11,44,6.080597,2,0,2012-11-01
643,644,169.0,0,4,1,11,44,6.080597,2,0,2012-11-02
644,645,287.0,1,5,1,11,44,6.080597,3,0,2012-11-03
645,646,215.0,1,6,1,11,44,6.080597,1,0,2012-11-04
646,647,197.0,0,0,1,11,45,6.080597,3,0,2012-11-05
647,648,137.0,0,1,1,11,45,6.080597,3,0,2012-11-06
648,649,163.0,0,2,1,11,45,6.080597,2,0,2012-11-07
649,650,154.0,0,3,2,11,45,6.080597,2,0,2012-11-08
650,651,135.0,0,4,2,11,45,6.080597,3,0,2012-11-09
651,652,246.0,1,5,2,11,45,6.079809,1,0,2012-11-10
652,653,229.0,1,6,2,11,45,6.079809,2,1,2012-11-11
653,654,188.0,0,0,2,11,46,6.079809,2,0,2012-11-12
654,655,112.0,0,1,2,11,46,6.079809,1,0,2012-11-13
655,656,118.0,0,2,2,11,46,6.079809,1,0,2012-11-14
656,657,148.0,0,3,3,11,46,6.079809,2,0,2012-11-15
657,658,166.0,0,4,3,11,46,6.079809,0,0,2012-11-16
658,659,204.0,1,5,3,11,46,6.0288234,0,0,2012-11-17
659,660,183.0,1,6,3,11,46,6.0288234,0,0,2012-11-18
660,661,139.0,0,0,3,11,47,6.0288234,0,0,2012-11-19
661,662,122.0,0,1,3,11,47,6.0288234,0,0,2012-11-20
662,663,190.0,0,2,3,11,47,6.0288234,0,0,2012-11-21
663,664,87.0,0,3,4,11,47,6.0288234,0,1,2012-11-22
664,665,156.0,0,4,4,11,47,6.0288234,0,0,2012-11-23
665,666,175.0,1,5,4,11,47,6.0471864,0,0,2012-11-24
666,667,197.0,1,6,4,11,47,6.0471864,0,0,2012-11-25
667,668,154.0,0,0,4,11,48,6.0471864,0,0,2012-11-26
668,669,141.0,0,1,4,11,48,6.0471864,0,0,2012-11-27
669,670,135.0,0,2,4,11,48,6.0471864,0,0,2012-11-28
670,671,128.0,0,3,5,11,48,6.0471864,0,0,2012-11-29
671,672,173.0,0,4,5,11,48,6.0471864,0,0,2012-11-30
672,673,221.0,1,5,1,12,48,6.048472,2,0,2012-12-01
673,674,190.0,1,6,1,12,48,6.048472,2,0,2012-12-02
674,675,172.0,0,0,1,12,49,6.048472,3,0,2012-12-03
675,676,132.0,0,1,1,12,49,6.048472,1,0,2012-12-04
676,677,205.0,0,2,1,12,49,6.048472,3,0,2012-12-05
677,678,118.0,0,3,1,12,49,6.048472,3,0,2012-12-06
678,679,164.0,0,4,1,12,49,6.048472,2,0,2012-12-07
679,680,215.0,1,5,2,12,49,6.047789,2,0,2012-12-08
680,681,268.0,1,6,2,12,49,6.047789,3,0,2012-12-09
681,682,188.0,0,0,2,12,50,6.047789,1,0,2012-12-10
682,683,135.0,0,1,2,12,50,6.047789,2,0,2012-12-11
683,684,156.0,0,2,2,12,50,6.047789,2,0,2012-12-12
684,685,122.0,0,3,2,12,50,6.047789,1,0,2012-12-13
685,686,160.0,0,4,2,12,50,6.047789,1,0,2012-12-14
686,687,199.0,1,5,3,12,50,6.0610776,2,0,2012-12-15
687,688,214.0,1,6,3,12,50,6.0610776,0,1,2012-12-16
688,689,177.0,0,0,3,12,51,6.0610776,0,0,2012-12-17
689,690,131.0,0,1,3,12,51,6.0610776,0,0,2012-12-18
690,691,171.0,0,2,3,12,51,6.0610776,0,0,2012-12-19
691,692,146.0,0,3,3,12,51,6.0610776,0,0,2012-12-20
692,693,267.0,0,4,3,12,51,6.0610776,0,0,2012-12-21
693,694,238.0,1,5,4,12,51,6.0626597,0,0,2012-12-22
694,695,219.0,1,6,4,12,51,6.0626597,0,0,2012-12-23
695,696,127.0,0,0,4,12,52,6.0626597,0,0,2012-12-24
696,697,0.0,0,1,4,12,52,6.0626597,0,1,2012-12-25
697,698,223.0,0,2,4,12,52,6.0626597,0,0,2012-12-26
698,699,180.0,0,3,4,12,52,6.0626597,0,0,2012-12-27
699,700,160.0,0,4,4,12,52,6.0626597,0,0,2012-12-28
700,701,229.0,1,5,5,12,52,6.0762825,0,0,2012-12-29
701,702,217.0,1,6,5,12,52,6.0762825,0,0,2012-12-30
702,703,151.0,0,0,5,12,1,6.0762825,0,0,2012-12-31
703,704,133.0,0,1,1,1,1,6.0762825,2,1,2013-01-01
704,705,161.0,0,2,1,1,1,6.0762825,2,0,2013-01-02
705,706,231.0,0,3,1,1,1,6.0762825,3,0,2013-01-03
706,707,204.0,0,4,1,1,1,6.0762825,1,0,2013-01-04
707,708,182.0,1,5,1,1,1,6.1430516,3,0,2013-01-05
708,709,202.0,1,6,1,1,1,6.1430516,3,0,2013-01-06
709,710,147.0,0,0,1,1,2,6.1430516,2,1,2013-01-07
710,711,137.0,0,1,2,1,2,6.1430516,2,0,2013-01-08
711,712,108.0,0,2,2,1,2,6.1430516,3,0,2013-01-09
712,713,160.0,0,3,2,1,2,6.1430516,1,0,2013-01-10
713,714,154.0,0,4,2,1,2,6.1430516,2,0,2013-01-11
714,715,290.0,1,5,2,1,2,6.139407,2,0,2013-01-12
715,716,234.0,1,6,2,1,2,6.139407,1,0,2013-01-13
716,717,191.0,0,0,2,1,3,6.139407,1,0,2013-01-14
717,718,112.0,0,1,3,1,3,6.139407,2,0,2013-01-15
718,719,117.0,0,2,3,1,3,6.139407,0,0,2013-01-16
719,720,141.0,0,3,3,1,3,6.139407,0,0,2013-01-17
720,721,184.0,0,4,3,1,3,6.139407,0,0,2013-01-18
721,722,236.0,1,5,3,1,3,6.133199,0,0,2013-01-19
722,723,197.0,1,6,3,1,3,6.133199,0,0,2013-01-20
723,724,159.0,0,0,3,1,4,6.133199,0,1,2013-01-21
724,725,136.0,0,1,4,1,4,6.133199,0,0,2013-01-22
725,726,203.0,0,2,4,1,4,6.133199,0,0,2013-01-23
726,727,268.0,0,3,4,1,4,6.133199,0,0,2013-01-24
727,728,184.0,0,4,4,1,4,6.133199,0,0,2013-01-25
728,729,276.0,1,5,4,1,4,6.1155014,0,0,2013-01-26
729,730,252.0,1,6,4,1,4,6.1155014,0,0,2013-01-27
730,731,214.0,0,0,4,1,5,6.1155014,0,0,2013-01-28
731,732,187.0,0,1,5,1,5,6.1155014,0,0,2013-01-29
732,733,190.0,0,2,5,1,5,6.1155014,0,0,2013-01-30
733,734,203.0,0,3,5,1,5,6.1155014,0,0,2013-01-31
734,735,293.0,0,4,1,2,5,6.1155014,2,0,2013-02-01
735,736,291.0,1,5,1,2,5,6.1118355,2,0,2013-02-02
736,737,211.0,1,6,1,2,5,6.1118355,3,1,2013-02-03
737,738,223.0,0,0,1,2,6,6.1118355,1,0,2013-02-04
738,739,136.0,0,1,1,2,6,6.1118355,3,0,2013-02-05
739,740,163.0,0,2,1,2,6,6.1118355,3,0,2013-02-06
740,741,168.0,0,3,1,2,6,6.1118355,2,0,2013-02-07
741,742,202.0,0,4,2,2,6,6.1118355,2,0,2013-02-08
742,743,252.0,1,5,2,2,6,6.09948,3,0,2013-02-09
743,744,328.0,1,6,2,2,6,6.09948,1,0,2013-02-10
744,745,223.0,0,0,2,2,7,6.09948,2,0,2013-02-11
745,746,210.0,0,1,2,2,7,6.09948,2,0,2013-02-12
746,747,196.0,0,2,2,2,7,6.09948,1,1,2013-02-13
747,748,223.0,0,3,2,2,7,6.09948,1,1,2013-02-14
748,749,247.0,0,4,3,2,7,6.09948,2,0,2013-02-15
749,750,279.0,1,5,3,2,7,6.075629,0,0,2013-02-16
750,751,296.0,1,6,3,2,7,6.075629,0,0,2013-02-17
751,752,167.0,0,0,3,2,8,6.075629,0,1,2013-02-18
752,753,246.0,0,1,3,2,8,6.075629,0,0,2013-02-19
753,754,203.0,0,2,3,2,8,6.075629,0,1,2013-02-20
754,755,177.0,0,3,3,2,8,6.075629,0,0,2013-02-21
755,756,251.0,0,4,4,2,8,6.075629,0,0,2013-02-22
756,757,332.0,1,5,4,2,8,6.0691648,0,0,2013-02-23
757,758,315.0,1,6,4,2,8,6.0691648,0,1,2013-02-24
758,759,193.0,0,0,4,2,9,6.0691648,0,0,2013-02-25
759,760,221.0,0,1,4,2,9,6.0691648,0,0,2013-02-26
760,761,208.0,0,2,4,2,9,6.0691648,0,0,2013-02-27
761,762,215.0,0,3,4,2,9,6.0691648,0,0,2013-02-28
762,763,228.0,0,4,1,3,9,6.0691648,2,0,2013-03-01
763,764,236.0,1,5,1,3,9,6.0900474,2,0,2013-03-02
764,765,266.0,1,6,1,3,9,6.0900474,3,0,2013-03-03
765,766,198.0,0,0,1,3,10,6.0900474,1,0,2013-03-04
766,767,200.0,0,1,1,3,10,6.0900474,3,0,2013-03-05
767,768,203.0,0,2,1,3,10,6.0900474,3,0,2013-03-06
768,769,171.0,0,3,1,3,10,6.0900474,2,0,2013-03-07
769,770,153.0,0,4,2,3,10,6.0900474,2,0,2013-03-08
770,771,198.0,1,5,2,3,10,6.068175,3,0,2013-03-09
771,772,320.0,1,6,2,3,10,6.068175,1,0,2013-03-10
772,773,226.0,0,0,2,3,11,6.068175,2,0,2013-03-11
773,774,268.0,0,1,2,3,11,6.068175,2,0,2013-03-12
774,775,155.0,0,2,2,3,11,6.068175,1,0,2013-03-13
775,776,198.0,0,3,2,3,11,6.068175,1,0,2013-03-14
776,777,237.0,0,4,3,3,11,6.068175,2,0,2013-03-15
777,778,306.0,1,5,3,3,11,6.0618505,0,0,2013-03-16
778,779,252.0,1,6,3,3,11,6.0618505,0,1,2013-03-17
779,780,182.0,0,0,3,3,12,6.0618505,0,0,2013-03-18
780,781,252.0,0,1,3,3,12,6.0618505,0,0,2013-03-19
781,782,199.0,0,2,3,3,12,6.0618505,0,0,2013-03-20
782,783,182.0,0,3,3,3,12,6.0618505,0,0,2013-03-21
783,784,138.0,0,4,4,3,12,6.0618505,0,0,2013-03-22
784,785,301.0,1,5,4,3,12,6.0629683,0,0,2013-03-23
785,786,221.0,1,6,4,3,12,6.0629683,0,0,2013-03-24
786,787,180.0,0,0,4,3,13,6.0629683,0,0,2013-03-25
787,788,167.0,0,1,4,3,13,6.0629683,0,0,2013-03-26
788,789,186.0,0,2,4,3,13,6.0629683,0,0,2013-03-27
789,790,150.0,0,3,4,3,13,6.0629683,0,0,2013-03-28
790,791,176.0,0,4,5,3,13,6.0629683,0,0,2013-03-29
791,792,223.0,1,5,5,3,13,6.05158,0,0,2013-03-30
792,793,182.0,1,6,5,3,13,6.05158,0,1,2013-03-31
793,794,228.0,0,0,1,4,14,6.05158,2,0,2013-04-01
794,795,259.0,0,1,1,4,14,6.05158,2,1,2013-04-02
795,796,195.0,0,2,1,4,14,6.05158,3,0,2013-04-03
796,797,223.0,0,3,1,4,14,6.05158,1,0,2013-04-04
797,798,266.0,0,4,1,4,14,6.05158,3,0,2013-04-05
798,799,260.0,1,5,1,4,14,6.079117,3,0,2013-04-06
799,800,350.0,1,6,1,4,14,6.079117,2,0,2013-04-07
800,801,260.0,0,0,2,4,15,6.079117,2,0,2013-04-08
801,802,227.0,0,1,2,4,15,6.079117,3,0,2013-04-09
802,803,162.0,0,2,2,4,15,6.079117,1,0,2013-04-10
803,804,230.0,0,3,2,4,15,6.079117,2,0,2013-04-11
804,805,182.0,0,4,2,4,15,6.079117,2,0,2013-04-12
805,806,268.0,1,5,2,4,15,6.080884,1,0,2013-04-13
806,807,265.0,1,6,2,4,15,6.080884,1,0,2013-04-14
807,808,261.0,0,0,3,4,16,6.080884,2,0,2013-04-15
808,809,187.0,0,1,3,4,16,6.080884,0,0,2013-04-16
809,810,213.0,0,2,3,4,16,6.080884,0,0,2013-04-17
810,811,231.0,0,3,3,4,16,6.080884,0,0,2013-04-18
811,812,199.0,0,4,3,4,16,6.080884,0,0,2013-04-19
812,813,258.0,1,5,3,4,16,6.056211,0,0,2013-04-20
813,814,260.0,1,6,3,4,16,6.056211,0,0,2013-04-21
814,815,269.0,0,0,4,4,17,6.056211,0,0,2013-04-22
815,816,181.0,0,1,4,4,17,6.056211,0,0,2013-04-23
816,817,222.0,0,2,4,4,17,6.056211,0,0,2013-04-24
817,818,201.0,0,3,4,4,17,6.056211,0,0,2013-04-25
818,819,216.0,0,4,4,4,17,6.056211,0,0,2013-04-26
819,820,232.0,1,5,4,4,17,6.0613227,0,0,2013-04-27
820,821,245.0,1,6,4,4,17,6.0613227,0,0,2013-04-28
821,822,189.0,0,0,5,4,18,6.0613227,0,0,2013-04-29
822,823,175.0,0,1,5,4,18,6.0613227,0,0,2013-04-30
823,824,215.0,0,2,1,5,18,6.0613227,2,0,2013-05-01
824,825,138.0,0,3,1,5,18,6.0613227,2,0,2013-05-02
825,826,151.0,0,4,1,5,18,6.0613227,3,0,2013-05-03
826,827,242.0,1,5,1,5,18,6.0613227,1,0,2013-05-04
827,828,299.0,1,6,1,5,18,6.0613227,3,2,2013-05-05
828,829,269.0,0,0,1,5,19,6.0613227,3,0,2013-05-06
829,830,168.0,0,1,1,5,19,6.0613227,2,0,2013-05-07
830,831,245.0,0,2,2,5,19,6.0613227,2,0,2013-05-08
831,832,225.0,0,3,2,5,19,6.0613227,3,0,2013-05-09
832,833,237.0,0,4,2,5,19,6.0613227,1,0,2013-05-10
833,834,230.0,1,5,2,5,19,6.0796165,2,0,2013-05-11
834,835,213.0,1,6,2,5,19,6.0796165,2,1,2013-05-12
835,836,276.0,0,0,2,5,20,6.0796165,1,0,2013-05-13
836,837,259.0,0,1,2,5,20,6.0796165,1,0,2013-05-14
837,838,176.0,0,2,3,5,20,6.0796165,2,0,2013-05-15
838,839,312.0,0,3,3,5,20,6.0796165,0,0,2013-05-16
839,840,202.0,0,4,3,5,20,6.0796165,0,0,2013-05-17
840,841,236.0,1,5,3,5,20,6.093495,0,0,2013-05-18
841,842,292.0,1,6,3,5,20,6.093495,0,0,2013-05-19
842,843,178.0,0,0,3,5,21,6.093495,0,0,2013-05-20
843,844,207.0,0,1,3,5,21,6.093495,0,0,2013-05-21
844,845,195.0,0,2,4,5,21,6.093495,0,0,2013-05-22
845,846,143.0,0,3,4,5,21,6.093495,0,0,2013-05-23
846,847,270.0,0,4,4,5,21,6.093495,0,0,2013-05-24
847,848,293.0,1,5,4,5,21,6.067023,0,0,2013-05-25
848,849,221.0,1,6,4,5,21,6.067023,0,0,2013-05-26
849,850,256.0,0,0,4,5,22,6.067023,0,1,2013-05-27
850,851,306.0,0,1,4,5,22,6.067023,0,0,2013-05-28
851,852,197.0,0,2,5,5,22,6.067023,0,0,2013-05-29
852,853,210.0,0,3,5,5,22,6.067023,0,0,2013-05-30
853,854,213.0,0,4,5,5,22,6.067023,0,0,2013-05-31
854,855,257.0,1,5,1,6,22,6.067023,2,0,2013-06-01
855,856,311.0,1,6,1,6,22,6.067023,2,0,2013-06-02
856,857,341.0,0,0,1,6,23,6.067023,3,0,2013-06-03
857,858,260.0,0,1,1,6,23,6.067023,1,0,2013-06-04
858,859,185.0,0,2,1,6,23,6.067023,3,0,2013-06-05
859,860,218.0,0,3,1,6,23,6.067023,3,1,2013-06-06
860,861,278.0,0,4,1,6,23,6.067023,2,0,2013-06-07
861,862,273.0,1,5,2,6,23,6.057269,2,0,2013-06-08
862,863,330.0,1,6,2,6,23,6.057269,3,0,2013-06-09
863,864,182.0,0,0,2,6,24,6.057269,1,0,2013-06-10
864,865,231.0,0,1,2,6,24,6.057269,2,0,2013-06-11
865,866,231.0,0,2,2,6,24,6.057269,2,0,2013-06-12
866,867,250.0,0,3,2,6,24,6.057269,1,0,2013-06-13
867,868,213.0,0,4,2,6,24,6.057269,1,0,2013-06-14
868,869,216.0,1,5,3,6,24,6.057269,2,0,2013-06-15
869,870,267.0,1,6,3,6,24,6.057269,0,1,2013-06-16
870,871,220.0,0,0,3,6,25,6.057269,0,0,2013-06-17
871,872,302.0,0,1,3,6,25,6.057269,0,0,2013-06-18
872,873,233.0,0,2,3,6,25,6.057269,0,0,2013-06-19
873,874,247.0,0,3,3,6,25,6.057269,0,1,2013-06-20
874,875,273.0,0,4,3,6,25,6.057269,0,0,2013-06-21
875,876,387.0,1,5,4,6,25,6.0140224,0,0,2013-06-22
876,877,203.0,1,6,4,6,25,6.0140224,0,0,2013-06-23
877,878,266.0,0,0,4,6,26,6.0140224,0,0,2013-06-24
878,879,244.0,0,1,4,6,26,6.0140224,0,0,2013-06-25
879,880,276.0,0,2,4,6,26,6.0140224,0,0,2013-06-26
880,881,203.0,0,3,4,6,26,6.0140224,0,0,2013-06-27
881,882,251.0,0,4,4,6,26,6.0140224,0,0,2013-06-28
882,883,322.0,1,5,5,6,26,6.028798,0,0,2013-06-29
883,884,337.0,1,6,5,6,26,6.028798,0,0,2013-06-30
884,885,276.0,0,0,1,7,27,6.028798,2,0,2013-07-01
885,886,221.0,0,1,1,7,27,6.028798,2,0,2013-07-02
886,887,337.0,0,2,1,7,27,6.028798,3,0,2013-07-03
887,888,234.0,0,3,1,7,27,6.028798,1,1,2013-07-04
888,889,330.0,0,4,1,7,27,6.028798,3,0,2013-07-05
889,890,234.0,1,5,1,7,27,6.0684447,3,0,2013-07-06
890,891,255.0,1,6,1,7,27,6.0684447,2,0,2013-07-07
891,892,274.0,0,0,2,7,28,6.0684447,2,0,2013-07-08
892,893,200.0,0,1,2,7,28,6.0684447,3,1,2013-07-09
893,894,204.0,0,2,2,7,28,6.0684447,1,0,2013-07-10
894,895,239.0,0,3,2,7,28,6.0684447,2,0,2013-07-11
895,896,276.0,0,4,2,7,28,6.0684447,2,0,2013-07-12
896,897,243.0,1,5,2,7,28,6.0550933,1,0,2013-07-13
897,898,276.0,1,6,2,7,28,6.0550933,1,0,2013-07-14
898,899,210.0,0,0,3,7,29,6.0550933,2,0,2013-07-15
899,900,229.0,0,1,3,7,29,6.0550933,0,0,2013-07-16
900,901,283.0,0,2,3,7,29,6.0550933,0,0,2013-07-17
901,902,261.0,0,3,3,7,29,6.0550933,0,0,2013-07-18
902,903,218.0,0,4,3,7,29,6.0550933,0,0,2013-07-19
903,904,269.0,1,5,3,7,29,6.0550933,0,0,2013-07-20
904,905,300.0,1,6,3,7,29,6.0550933,0,0,2013-07-21
905,906,220.0,0,0,4,7,30,6.0550933,0,0,2013-07-22
906,907,194.0,0,1,4,7,30,6.0550933,0,0,2013-07-23
907,908,184.0,0,2,4,7,30,6.0550933,0,0,2013-07-24
908,909,215.0,0,3,4,7,30,6.0550933,0,0,2013-07-25
909,910,270.0,0,4,4,7,30,6.0550933,0,0,2013-07-26
910,911,310.0,1,5,4,7,30,6.051361,0,0,2013-07-27
911,912,284.0,1,6,4,7,30,6.051361,0,0,2013-07-28
912,913,257.0,0,0,5,7,31,6.051361,0,0,2013-07-29
913,914,222.0,0,1,5,7,31,6.051361,0,0,2013-07-30
914,915,181.0,0,2,5,7,31,6.051361,0,0,2013-07-31
915,916,228.0,0,3,1,8,31,6.051361,2,0,2013-08-01
916,917,311.0,0,4,1,8,31,6.051361,2,0,2013-08-02
917,918,298.0,1,5,1,8,31,6.051361,3,0,2013-08-03
918,919,258.0,1,6,1,8,31,6.051361,1,0,2013-08-04
919,920,237.0,0,0,1,8,32,6.051361,3,0,2013-08-05
920,921,292.0,0,1,1,8,32,6.051361,3,0,2013-08-06
921,922,125.0,0,2,1,8,32,6.051361,2,0,2013-08-07
922,923,173.0,0,3,2,8,32,6.051361,2,1,2013-08-08
923,924,228.0,0,4,2,8,32,6.051361,3,0,2013-08-09
924,925,365.0,1,5,2,8,32,6.051361,1,0,2013-08-10
925,926,278.0,1,6,2,8,32,6.051361,2,0,2013-08-11
926,927,275.0,0,0,2,8,33,6.051361,2,0,2013-08-12
927,928,212.0,0,1,2,8,33,6.051361,1,0,2013-08-13
928,929,169.0,0,2,2,8,33,6.051361,1,0,2013-08-14
929,930,277.0,0,3,3,8,33,6.051361,2,0,2013-08-15
930,931,237.0,0,4,3,8,33,6.051361,0,0,2013-08-16
931,932,264.0,1,5,3,8,33,6.078034,0,0,2013-08-17
932,933,261.0,1,6,3,8,33,6.078034,0,0,2013-08-18
933,934,243.0,0,0,3,8,34,6.078034,0,0,2013-08-19
934,935,196.0,0,1,3,8,34,6.078034,0,0,2013-08-20
935,936,232.0,0,2,3,8,34,6.078034,0,0,2013-08-21
936,937,188.0,0,3,4,8,34,6.078034,0,0,2013-08-22
937,938,300.0,0,4,4,8,34,6.078034,0,0,2013-08-23
938,939,260.0,1,5,4,8,34,6.078034,0,0,2013-08-24
939,940,329.0,1,6,4,8,34,6.078034,0,0,2013-08-25
940,941,206.0,0,0,4,8,35,6.078034,0,0,2013-08-26
941,942,209.0,0,1,4,8,35,6.078034,0,0,2013-08-27
942,943,211.0,0,2,4,8,35,6.078034,0,0,2013-08-28
943,944,150.0,0,3,5,8,35,6.078034,0,0,2013-08-29
944,945,289.0,0,4,5,8,35,6.078034,0,0,2013-08-30
945,946,318.0,1,5,5,8,35,6.0959826,0,0,2013-08-31
946,947,226.0,1,6,1,9,35,6.0959826,2,0,2013-09-01
947,948,200.0,0,0,1,9,36,6.0959826,2,1,2013-09-02
948,949,201.0,0,1,1,9,36,6.0959826,3,0,2013-09-03
949,950,142.0,0,2,1,9,36,6.0959826,1,0,2013-09-04
950,951,142.0,0,3,1,9,36,6.0959826,3,0,2013-09-05
951,952,165.0,0,4,1,9,36,6.0959826,3,0,2013-09-06
952,953,180.0,1,5,1,9,36,6.1955132,2,0,2013-09-07
953,954,284.0,1,6,2,9,36,6.1955132,2,0,2013-09-08
954,955,172.0,0,0,2,9,37,6.1955132,3,0,2013-09-09
955,956,166.0,0,1,2,9,37,6.1955132,1,0,2013-09-10
956,957,181.0,0,2,2,9,37,6.1955132,2,0,2013-09-11
957,958,215.0,0,3,2,9,37,6.1955132,2,0,2013-09-12
958,959,363.0,0,4,2,9,37,6.1955132,1,0,2013-09-13
959,960,295.0,1,5,2,9,37,6.2899666,1,0,2013-09-14
960,961,257.0,1,6,3,9,37,6.2899666,2,0,2013-09-15
961,962,191.0,0,0,3,9,38,6.2899666,0,0,2013-09-16
962,963,225.0,0,1,3,9,38,6.2899666,0,0,2013-09-17
963,964,226.0,0,2,3,9,38,6.2899666,0,0,2013-09-18
964,965,185.0,0,3,3,9,38,6.2899666,0,0,2013-09-19
965,966,169.0,0,4,3,9,38,6.2899666,0,0,2013-09-20
966,967,258.0,1,5,3,9,38,6.2899666,0,0,2013-09-21
967,968,341.0,1,6,4,9,38,6.2899666,0,0,2013-09-22
968,969,240.0,0,0,4,9,39,6.2899666,0,0,2013-09-23
969,970,188.0,0,1,4,9,39,6.2899666,0,0,2013-09-24
970,971,141.0,0,2,4,9,39,6.2899666,0,0,2013-09-25
971,972,213.0,0,3,4,9,39,6.2899666,0,0,2013-09-26
972,973,238.0,0,4,4,9,39,6.2899666,0,0,2013-09-27
973,974,388.0,1,5,4,9,39,6.2908635,0,0,2013-09-28
974,975,313.0,1,6,5,9,39,6.2908635,0,0,2013-09-29
975,976,245.0,0,0,5,9,40,6.2908635,0,0,2013-09-30
976,977,287.0,0,1,1,10,40,6.2908635,2,0,2013-10-01
977,978,215.0,0,2,1,10,40,6.2908635,2,0,2013-10-02
978,979,289.0,0,3,1,10,40,6.2908635,3,0,2013-10-03
979,980,333.0,0,4,1,10,40,6.2908635,1,0,2013-10-04
980,981,252.0,1,5,1,10,40,6.2908635,3,0,2013-10-05
981,982,377.0,1,6,1,10,40,6.2908635,3,0,2013-10-06
982,983,194.0,0,0,1,10,41,6.2908635,2,0,2013-10-07
983,984,244.0,0,1,2,10,41,6.2908635,2,0,2013-10-08
984,985,214.0,0,2,2,10,41,6.2908635,3,0,2013-10-09
985,986,224.0,0,3,2,10,41,6.2908635,1,0,2013-10-10
986,987,223.0,0,4,2,10,41,6.2908635,2,0,2013-10-11
987,988,340.0,1,5,2,10,41,6.322511,2,0,2013-10-12
988,989,307.0,1,6,2,10,41,6.322511,1,0,2013-10-13
989,990,298.0,0,0,2,10,42,6.322511,1,1,2013-10-14
990,991,215.0,0,1,3,10,42,6.322511,2,1,2013-10-15
991,992,224.0,0,2,3,10,42,6.322511,0,0,2013-10-16
992,993,216.0,0,3,3,10,42,6.322511,0,0,2013-10-17
993,994,241.0,0,4,3,10,42,6.322511,0,0,2013-10-18
994,995,302.0,1,5,3,10,42,6.343198,0,0,2013-10-19
995,996,254.0,1,6,3,10,42,6.343198,0,0,2013-10-20
996,997,212.0,0,0,3,10,43,6.343198,0,0,2013-10-21
997,998,233.0,0,1,4,10,43,6.343198,0,0,2013-10-22
998,999,375.0,0,2,4,10,43,6.343198,0,0,2013-10-23
999,1000,194.0,0,3,4,10,43,6.343198,0,0,2013-10-24
1000,1001,221.0,0,4,4,10,43,6.343198,0,0,2013-10-25
1001,1002,274.0,1,5,4,10,43,6.343198,0,0,2013-10-26
1002,1003,319.0,1,6,4,10,43,6.343198,0,0,2013-10-27
1003,1004,175.0,0,0,4,10,44,6.343198,0,0,2013-10-28
1004,1005,171.0,0,1,5,10,44,6.343198,0,0,2013-10-29
1005,1006,173.0,0,2,5,10,44,6.343198,0,0,2013-10-30
1006,1007,170.0,0,3,5,10,44,6.343198,0,1,2013-10-31
1007,1008,352.0,0,4,1,11,44,6.343198,2,0,2013-11-01
1008,1009,235.0,1,5,1,11,44,6.34251,2,0,2013-11-02
1009,1010,255.0,1,6,1,11,44,6.34251,3,0,2013-11-03
1010,1011,284.0,0,0,1,11,45,6.34251,1,0,2013-11-04
1011,1012,221.0,0,1,1,11,45,6.34251,3,0,2013-11-05
1012,1013,322.0,0,2,1,11,45,6.34251,3,0,2013-11-06
1013,1014,225.0,0,3,1,11,45,6.34251,2,0,2013-11-07
1014,1015,215.0,0,4,2,11,45,6.34251,2,0,2013-11-08
1015,1016,222.0,1,5,2,11,45,6.340525,3,0,2013-11-09
1016,1017,258.0,1,6,2,11,45,6.340525,1,0,2013-11-10
1017,1018,243.0,0,0,2,11,46,6.340525,2,1,2013-11-11
1018,1019,173.0,0,1,2,11,46,6.340525,2,0,2013-11-12
1019,1020,200.0,0,2,2,11,46,6.340525,1,0,2013-11-13
1020,1021,186.0,0,3,2,11,46,6.340525,1,0,2013-11-14
1021,1022,247.0,0,4,3,11,46,6.340525,2,0,2013-11-15
1022,1023,390.0,1,5,3,11,46,6.340525,0,0,2013-11-16
1023,1024,234.0,1,6,3,11,46,6.340525,0,0,2013-11-17
1024,1025,250.0,0,0,3,11,47,6.340525,0,0,2013-11-18
1025,1026,212.0,0,1,3,11,47,6.340525,0,0,2013-11-19
1026,1027,304.0,0,2,3,11,47,6.340525,0,0,2013-11-20
1027,1028,199.0,0,3,3,11,47,6.340525,0,0,2013-11-21
1028,1029,352.0,0,4,4,11,47,6.340525,0,0,2013-11-22
1029,1030,239.0,1,5,4,11,47,6.340525,0,0,2013-11-23
1030,1031,357.0,1,6,4,11,47,6.340525,0,0,2013-11-24
1031,1032,176.0,0,0,4,11,48,6.340525,0,0,2013-11-25
1032,1033,236.0,0,1,4,11,48,6.340525,0,0,2013-11-26
1033,1034,378.0,0,2,4,11,48,6.340525,0,0,2013-11-27
1034,1035,133.0,0,3,4,11,48,6.340525,0,1,2013-11-28
1035,1036,181.0,0,4,5,11,48,6.340525,0,0,2013-11-29
1036,1037,221.0,1,5,5,11,48,6.350305,0,0,2013-11-30
1037,1038,291.0,1,6,1,12,48,6.350305,2,0,2013-12-01
1038,1039,189.0,0,0,1,12,49,6.350305,2,0,2013-12-02
1039,1040,251.0,0,1,1,12,49,6.350305,3,0,2013-12-03
1040,1041,238.0,0,2,1,12,49,6.350305,1,0,2013-12-04
1041,1042,224.0,0,3,1,12,49,6.350305,3,1,2013-12-05
1042,1043,249.0,0,4,1,12,49,6.350305,3,0,2013-12-06
1043,1044,238.0,1,5,1,12,49,6.350305,2,0,2013-12-07
1044,1045,223.0,1,6,2,12,49,6.350305,2,0,2013-12-08
1045,1046,246.0,0,0,2,12,50,6.350305,3,0,2013-12-09
1046,1047,169.0,0,1,2,12,50,6.350305,1,0,2013-12-10
1047,1048,155.0,0,2,2,12,50,6.350305,2,0,2013-12-11
1048,1049,271.0,0,3,2,12,50,6.350305,2,0,2013-12-12
1049,1050,189.0,0,4,2,12,50,6.350305,1,0,2013-12-13
1050,1051,326.0,1,5,2,12,50,6.348336,1,0,2013-12-14
1051,1052,289.0,1,6,3,12,50,6.348336,2,0,2013-12-15
1052,1053,294.0,0,0,3,12,51,6.348336,0,0,2013-12-16
1053,1054,168.0,0,1,3,12,51,6.348336,0,0,2013-12-17
1054,1055,192.0,0,2,3,12,51,6.348336,0,0,2013-12-18
1055,1056,267.0,0,3,3,12,51,6.348336,0,0,2013-12-19
1056,1057,203.0,0,4,3,12,51,6.348336,0,0,2013-12-20
1057,1058,292.0,1,5,3,12,51,6.336778,0,0,2013-12-21
1058,1059,351.0,1,6,4,12,51,6.336778,0,0,2013-12-22
1059,1060,267.0,0,0,4,12,52,6.336778,0,0,2013-12-23
1060,1061,186.0,0,1,4,12,52,6.336778,0,0,2013-12-24
1061,1062,0.0,0,2,4,12,52,6.336778,0,1,2013-12-25
1062,1063,322.0,0,3,4,12,52,6.336778,0,0,2013-12-26
1063,1064,224.0,0,4,4,12,52,6.336778,0,0,2013-12-27
1064,1065,212.0,1,5,4,12,52,6.3794723,0,0,2013-12-28
1065,1066,259.0,1,6,5,12,52,6.3794723,0,0,2013-12-29
1066,1067,191.0,0,0,5,12,1,6.3794723,0,0,2013-12-30
1067,1068,202.0,0,1,5,12,1,6.3794723,0,0,2013-12-31
1068,1069,162.0,0,2,1,1,1,6.3794723,2,1,2014-01-01
1069,1070,375.0,0,3,1,1,1,6.3794723,2,0,2014-01-02
1070,1071,318.0,0,4,1,1,1,6.3794723,3,0,2014-01-03
1071,1072,269.0,1,5,1,1,1,6.3687487,1,0,2014-01-04
1072,1073,315.0,1,6,1,1,1,6.3687487,3,0,2014-01-05
1073,1074,266.0,0,0,1,1,2,6.3687487,3,0,2014-01-06
1074,1075,208.0,0,1,1,1,2,6.3687487,2,1,2014-01-07
1075,1076,183.0,0,2,2,1,2,6.3687487,2,0,2014-01-08
1076,1077,200.0,0,3,2,1,2,6.3687487,3,0,2014-01-09
1077,1078,250.0,0,4,2,1,2,6.3687487,1,0,2014-01-10
1078,1079,258.0,1,5,2,1,2,6.3768516,2,0,2014-01-11
1079,1080,305.0,1,6,2,1,2,6.3768516,2,0,2014-01-12
1080,1081,341.0,0,0,2,1,3,6.3768516,1,0,2014-01-13
1081,1082,165.0,0,1,2,1,3,6.3768516,1,0,2014-01-14
1082,1083,225.0,0,2,3,1,3,6.3768516,2,0,2014-01-15
1083,1084,192.0,0,3,3,1,3,6.3768516,0,0,2014-01-16
1084,1085,206.0,0,4,3,1,3,6.3768516,0,0,2014-01-17
1085,1086,270.0,1,5,3,1,3,6.367982,0,0,2014-01-18
1086,1087,230.0,1,6,3,1,3,6.367982,0,0,2014-01-19
1087,1088,214.0,0,0,3,1,4,6.367982,0,1,2014-01-20
1088,1089,197.0,0,1,3,1,4,6.367982,0,0,2014-01-21
1089,1090,369.0,0,2,4,1,4,6.367982,0,0,2014-01-22
1090,1091,212.0,0,3,4,1,4,6.367982,0,0,2014-01-23
1091,1092,177.0,0,4,4,1,4,6.367982,0,0,2014-01-24
1092,1093,327.0,1,5,4,1,4,6.3712974,0,0,2014-01-25
1093,1094,273.0,1,6,4,1,4,6.3712974,0,0,2014-01-26
1094,1095,217.0,0,0,4,1,5,6.3712974,0,0,2014-01-27
1095,1096,140.0,0,1,4,1,5,6.3712974,0,0,2014-01-28
1096,1097,135.0,0,2,5,1,5,6.3712974,0,0,2014-01-29
1097,1098,276.0,0,3,5,1,5,6.3712974,0,0,2014-01-30
1098,1099,223.0,0,4,5,1,5,6.3712974,0,0,2014-01-31
1099,1100,318.0,1,5,1,2,5,6.376084,2,0,2014-02-01
1100,1101,217.0,1,6,1,2,5,6.376084,2,1,2014-02-02
1101,1102,291.0,0,0,1,2,6,6.376084,3,0,2014-02-03
1102,1103,213.0,0,1,1,2,6,6.376084,1,0,2014-02-04
1103,1104,216.0,0,2,1,2,6,6.376084,3,0,2014-02-05
1104,1105,173.0,0,3,1,2,6,6.376084,3,0,2014-02-06
1105,1106,313.0,0,4,1,2,6,6.376084,2,0,2014-02-07
1106,1107,210.0,1,5,2,2,6,6.36229,2,0,2014-02-08
1107,1108,314.0,1,6,2,2,6,6.36229,3,0,2014-02-09
1108,1109,146.0,0,0,2,2,7,6.36229,1,0,2014-02-10
1109,1110,266.0,0,1,2,2,7,6.36229,2,0,2014-02-11
1110,1111,271.0,0,2,2,2,7,6.36229,2,0,2014-02-12
1111,1112,164.0,0,3,2,2,7,6.36229,1,0,2014-02-13
1112,1113,187.0,0,4,2,2,7,6.36229,1,1,2014-02-14
1113,1114,347.0,1,5,3,2,7,6.360866,2,0,2014-02-15
1114,1115,271.0,1,6,3,2,7,6.360866,0,0,2014-02-16
1115,1116,216.0,0,0,3,2,8,6.360866,0,1,2014-02-17
1116,1117,228.0,0,1,3,2,8,6.360866,0,0,2014-02-18
1117,1118,144.0,0,2,3,2,8,6.360866,0,0,2014-02-19
1118,1119,170.0,0,3,3,2,8,6.360866,0,0,2014-02-20
1119,1120,264.0,0,4,3,2,8,6.360866,0,0,2014-02-21
1120,1121,226.0,1,5,4,2,8,6.3967175,0,0,2014-02-22
1121,1122,238.0,1,6,4,2,8,6.3967175,0,0,2014-02-23
1122,1123,183.0,0,0,4,2,9,6.3967175,0,0,2014-02-24
1123,1124,342.0,0,1,4,2,9,6.3967175,0,0,2014-02-25
1124,1125,170.0,0,2,4,2,9,6.3967175,0,0,2014-02-26
1125,1126,172.0,0,3,4,2,9,6.3967175,0,0,2014-02-27
1126,1127,244.0,0,4,4,2,9,6.3967175,0,0,2014-02-28
1127,1128,271.0,1,5,1,3,9,6.4064765,2,0,2014-03-01
1128,1129,391.0,1,6,1,3,9,6.4064765,2,0,2014-03-02
1129,1130,247.0,0,0,1,3,10,6.4064765,3,0,2014-03-03
1130,1131,190.0,0,1,1,3,10,6.4064765,1,0,2014-03-04
1131,1132,236.0,0,2,1,3,10,6.4064765,3,1,2014-03-05
1132,1133,203.0,0,3,1,3,10,6.4064765,3,0,2014-03-06
1133,1134,212.0,0,4,1,3,10,6.4064765,2,0,2014-03-07
1134,1135,318.0,1,5,2,3,10,6.4187927,2,0,2014-03-08
1135,1136,223.0,1,6,2,3,10,6.4187927,3,0,2014-03-09
1136,1137,220.0,0,0,2,3,11,6.4187927,1,0,2014-03-10
1137,1138,177.0,0,1,2,3,11,6.4187927,2,0,2014-03-11
1138,1139,247.0,0,2,2,3,11,6.4187927,2,1,2014-03-12
1139,1140,210.0,0,3,2,3,11,6.4187927,1,0,2014-03-13
1140,1141,221.0,0,4,2,3,11,6.4187927,1,0,2014-03-14
1141,1142,302.0,1,5,3,3,11,6.4188414,2,0,2014-03-15
1142,1143,377.0,1,6,3,3,11,6.4188414,0,1,2014-03-16
1143,1144,249.0,0,0,3,3,12,6.4188414,0,1,2014-03-17
1144,1145,226.0,0,1,3,3,12,6.4188414,0,0,2014-03-18
1145,1146,180.0,0,2,3,3,12,6.4188414,0,0,2014-03-19
1146,1147,185.0,0,3,3,3,12,6.4188414,0,0,2014-03-20
1147,1148,233.0,0,4,3,3,12,6.4188414,0,0,2014-03-21
1148,1149,311.0,1,5,4,3,12,6.4243627,0,0,2014-03-22
1149,1150,341.0,1,6,4,3,12,6.4243627,0,0,2014-03-23
1150,1151,200.0,0,0,4,3,13,6.4243627,0,0,2014-03-24
1151,1152,167.0,0,1,4,3,13,6.4243627,0,0,2014-03-25
1152,1153,172.0,0,2,4,3,13,6.4243627,0,0,2014-03-26
1153,1154,202.0,0,3,4,3,13,6.4243627,0,0,2014-03-27
1154,1155,194.0,0,4,4,3,13,6.4243627,0,0,2014-03-28
1155,1156,298.0,1,5,5,3,13,6.469423,0,0,2014-03-29
1156,1157,280.0,1,6,5,3,13,6.469423,0,0,2014-03-30
1157,1158,291.0,0,0,5,3,14,6.469423,0,0,2014-03-31
1158,1159,259.0,0,1,1,4,14,6.469423,2,0,2014-04-01
1159,1160,192.0,0,2,1,4,14,6.469423,2,0,2014-04-02
1160,1161,359.0,0,3,1,4,14,6.469423,3,0,2014-04-03
1161,1162,211.0,0,4,1,4,14,6.469423,1,0,2014-04-04
1162,1163,249.0,1,5,1,4,14,6.4636846,3,0,2014-04-05
1163,1164,274.0,1,6,1,4,14,6.4636846,3,0,2014-04-06
1164,1165,204.0,0,0,1,4,15,6.4636846,2,0,2014-04-07
1165,1166,158.0,0,1,2,4,15,6.4636846,2,0,2014-04-08
1166,1167,257.0,0,2,2,4,15,6.4636846,3,0,2014-04-09
1167,1168,257.0,0,3,2,4,15,6.4636846,1,0,2014-04-10
1168,1169,159.0,0,4,2,4,15,6.4636846,2,0,2014-04-11
1169,1170,252.0,1,5,2,4,15,6.537531,2,0,2014-04-12
1170,1171,316.0,1,6,2,4,15,6.537531,1,0,2014-04-13
1171,1172,232.0,0,0,2,4,16,6.537531,1,0,2014-04-14
1172,1173,301.0,0,1,3,4,16,6.537531,2,0,2014-04-15
1173,1174,231.0,0,2,3,4,16,6.537531,0,0,2014-04-16
1174,1175,207.0,0,3,3,4,16,6.537531,0,0,2014-04-17
1175,1176,277.0,0,4,3,4,16,6.537531,0,0,2014-04-18
1176,1177,291.0,1,5,3,4,16,6.533648,0,0,2014-04-19
1177,1178,253.0,1,6,3,4,16,6.533648,0,2,2014-04-20
1178,1179,230.0,0,0,3,4,17,6.533648,0,0,2014-04-21
1179,1180,234.0,0,1,4,4,17,6.533648,0,1,2014-04-22
1180,1181,367.0,0,2,4,4,17,6.533648,0,0,2014-04-23
1181,1182,277.0,0,3,4,4,17,6.533648,0,0,2014-04-24
1182,1183,252.0,0,4,4,4,17,6.533648,0,0,2014-04-25
1183,1184,239.0,1,5,4,4,17,6.5288224,0,0,2014-04-26
1184,1185,250.0,1,6,4,4,17,6.5288224,0,0,2014-04-27
1185,1186,248.0,0,0,4,4,18,6.5288224,0,0,2014-04-28
1186,1187,183.0,0,1,5,4,18,6.5288224,0,0,2014-04-29
1187,1188,197.0,0,2,5,4,18,6.5288224,0,0,2014-04-30
1188,1189,191.0,0,3,1,5,18,6.5288224,2,0,2014-05-01
1189,1190,194.0,0,4,1,5,18,6.5288224,2,0,2014-05-02
1190,1191,258.0,1,5,1,5,18,6.5412216,3,0,2014-05-03
1191,1192,398.0,1,6,1,5,18,6.5412216,1,0,2014-05-04
1192,1193,272.0,0,0,1,5,19,6.5412216,3,1,2014-05-05
1193,1194,317.0,0,1,1,5,19,6.5412216,3,0,2014-05-06
1194,1195,179.0,0,2,1,5,19,6.5412216,2,0,2014-05-07
1195,1196,244.0,0,3,2,5,19,6.5412216,2,0,2014-05-08
1196,1197,313.0,0,4,2,5,19,6.5412216,3,0,2014-05-09
1197,1198,270.0,1,5,2,5,19,6.5412216,1,0,2014-05-10
1198,1199,235.0,1,6,2,5,19,6.5412216,2,1,2014-05-11
1199,1200,235.0,0,0,2,5,20,6.5412216,2,0,2014-05-12
1200,1201,224.0,0,1,2,5,20,6.5412216,1,0,2014-05-13
1201,1202,164.0,0,2,2,5,20,6.5412216,1,0,2014-05-14
1202,1203,270.0,0,3,3,5,20,6.5412216,2,0,2014-05-15
1203,1204,334.0,0,4,3,5,20,6.5412216,0,0,2014-05-16
1204,1205,314.0,1,5,3,5,20,6.5412216,0,0,2014-05-17
1205,1206,272.0,1,6,3,5,20,6.5412216,0,0,2014-05-18
1206,1207,254.0,0,0,3,5,21,6.5412216,0,0,2014-05-19
1207,1208,215.0,0,1,3,5,21,6.5412216,0,0,2014-05-20
1208,1209,342.0,0,2,3,5,21,6.5412216,0,0,2014-05-21
1209,1210,197.0,0,3,4,5,21,6.5412216,0,0,2014-05-22
1210,1211,240.0,0,4,4,5,21,6.5412216,0,0,2014-05-23
1211,1212,214.0,1,5,4,5,21,6.5412216,0,0,2014-05-24
1212,1213,318.0,1,6,4,5,21,6.5412216,0,0,2014-05-25
1213,1214,236.0,0,0,4,5,22,6.5412216,0,1,2014-05-26
1214,1215,193.0,0,1,4,5,22,6.5412216,0,0,2014-05-27
1215,1216,211.0,0,2,4,5,22,6.5412216,0,0,2014-05-28
1216,1217,174.0,0,3,5,5,22,6.5412216,0,0,2014-05-29
1217,1218,318.0,0,4,5,5,22,6.5412216,0,0,2014-05-30
1218,1219,329.0,1,5,5,5,22,6.540201,0,0,2014-05-31
1219,1220,407.0,1,6,1,6,22,6.540201,2,0,2014-06-01
1220,1221,263.0,0,0,1,6,23,6.540201,2,0,2014-06-02
1221,1222,208.0,0,1,1,6,23,6.540201,3,0,2014-06-03
1222,1223,222.0,0,2,1,6,23,6.540201,1,0,2014-06-04
1223,1224,247.0,0,3,1,6,23,6.540201,3,1,2014-06-05
1224,1225,200.0,0,4,1,6,23,6.540201,3,0,2014-06-06
1225,1226,330.0,1,5,1,6,23,6.540201,2,0,2014-06-07
1226,1227,285.0,1,6,2,6,23,6.540201,2,0,2014-06-08
1227,1228,235.0,0,0,2,6,24,6.540201,3,0,2014-06-09
1228,1229,399.0,0,1,2,6,24,6.540201,1,0,2014-06-10
1229,1230,202.0,0,2,2,6,24,6.540201,2,0,2014-06-11
1230,1231,218.0,0,3,2,6,24,6.540201,2,0,2014-06-12
1231,1232,250.0,0,4,2,6,24,6.540201,1,0,2014-06-13
1232,1233,296.0,1,5,2,6,24,6.5399776,1,0,2014-06-14
1233,1234,284.0,1,6,3,6,24,6.5399776,2,2,2014-06-15
1234,1235,281.0,0,0,3,6,25,6.5399776,0,0,2014-06-16
1235,1236,229.0,0,1,3,6,25,6.5399776,0,0,2014-06-17
1236,1237,185.0,0,2,3,6,25,6.5399776,0,0,2014-06-18
1237,1238,203.0,0,3,3,6,25,6.5399776,0,0,2014-06-19
1238,1239,277.0,0,4,3,6,25,6.5399776,0,0,2014-06-20
1239,1240,423.0,1,5,3,6,25,6.5399776,0,0,2014-06-21
1240,1241,344.0,1,6,4,6,25,6.5399776,0,0,2014-06-22
1241,1242,330.0,0,0,4,6,26,6.5399776,0,0,2014-06-23
1242,1243,242.0,0,1,4,6,26,6.5399776,0,0,2014-06-24
1243,1244,262.0,0,2,4,6,26,6.5399776,0,0,2014-06-25
1244,1245,261.0,0,3,4,6,26,6.5399776,0,0,2014-06-26
1245,1246,231.0,0,4,4,6,26,6.5399776,0,0,2014-06-27
1246,1247,319.0,1,5,4,6,26,6.5374904,0,0,2014-06-28
1247,1248,275.0,1,6,5,6,26,6.5374904,0,1,2014-06-29
1248,1249,219.0,0,0,5,6,27,6.5374904,0,0,2014-06-30
1249,1250,343.0,0,1,1,7,27,6.5374904,2,0,2014-07-01
1250,1251,266.0,0,2,1,7,27,6.5374904,2,0,2014-07-02
1251,1252,325.0,0,3,1,7,27,6.5374904,3,0,2014-07-03
1252,1253,235.0,0,4,1,7,27,6.5374904,1,1,2014-07-04
1253,1254,291.0,1,5,1,7,27,6.563013,3,0,2014-07-05
1254,1255,374.0,1,6,1,7,27,6.563013,3,0,2014-07-06
1255,1256,276.0,0,0,1,7,28,6.563013,2,0,2014-07-07
1256,1257,216.0,0,1,2,7,28,6.563013,2,0,2014-07-08
1257,1258,205.0,0,2,2,7,28,6.563013,3,0,2014-07-09
1258,1259,252.0,0,3,2,7,28,6.563013,1,0,2014-07-10
1259,1260,205.0,0,4,2,7,28,6.563013,2,0,2014-07-11
1260,1261,313.0,1,5,2,7,28,6.5621963,2,0,2014-07-12
1261,1262,298.0,1,6,2,7,28,6.5621963,1,0,2014-07-13
1262,1263,223.0,0,0,2,7,29,6.5621963,1,0,2014-07-14
1263,1264,245.0,0,1,3,7,29,6.5621963,2,0,2014-07-15
1264,1265,381.0,0,2,3,7,29,6.5621963,0,0,2014-07-16
1265,1266,203.0,0,3,3,7,29,6.5621963,0,0,2014-07-17
1266,1267,244.0,0,4,3,7,29,6.5621963,0,0,2014-07-18
1267,1268,342.0,1,5,3,7,29,6.5990806,0,0,2014-07-19
1268,1269,375.0,1,6,3,7,29,6.5990806,0,0,2014-07-20
1269,1270,240.0,0,0,3,7,30,6.5990806,0,0,2014-07-21
1270,1271,200.0,0,1,4,7,30,6.5990806,0,0,2014-07-22
1271,1272,192.0,0,2,4,7,30,6.5990806,0,0,2014-07-23
1272,1273,162.0,0,3,4,7,30,6.5990806,0,0,2014-07-24
1273,1274,338.0,0,4,4,7,30,6.5990806,0,0,2014-07-25
1274,1275,281.0,1,5,4,7,30,6.6015306,0,0,2014-07-26
1275,1276,383.0,1,6,4,7,30,6.6015306,0,0,2014-07-27
1276,1277,226.0,0,0,4,7,31,6.6015306,0,0,2014-07-28
1277,1278,215.0,0,1,5,7,31,6.6015306,0,1,2014-07-29
1278,1279,263.0,0,2,5,7,31,6.6015306,0,0,2014-07-30
1279,1280,221.0,0,3,5,7,31,6.6015306,0,0,2014-07-31
1280,1281,298.0,0,4,1,8,31,6.6015306,2,0,2014-08-01
1281,1282,369.0,1,5,1,8,31,6.5999875,2,0,2014-08-02
1282,1283,309.0,1,6,1,8,31,6.5999875,3,0,2014-08-03
1283,1284,228.0,0,0,1,8,32,6.5999875,1,0,2014-08-04
1284,1285,186.0,0,1,1,8,32,6.5999875,3,0,2014-08-05
1285,1286,253.0,0,2,1,8,32,6.5999875,3,0,2014-08-06
1286,1287,246.0,0,3,1,8,32,6.5999875,2,0,2014-08-07
1287,1288,285.0,0,4,2,8,32,6.5999875,2,0,2014-08-08
1288,1289,330.0,1,5,2,8,32,6.477119,3,0,2014-08-09
1289,1290,230.0,1,6,2,8,32,6.477119,1,0,2014-08-10
1290,1291,248.0,0,0,2,8,33,6.477119,2,0,2014-08-11
1291,1292,261.0,0,1,2,8,33,6.477119,2,0,2014-08-12
1292,1293,154.0,0,2,2,8,33,6.477119,1,0,2014-08-13
1293,1294,214.0,0,3,2,8,33,6.477119,1,0,2014-08-14
1294,1295,309.0,0,4,3,8,33,6.477119,2,0,2014-08-15
1295,1296,302.0,1,5,3,8,33,6.4668193,0,0,2014-08-16
1296,1297,301.0,1,6,3,8,33,6.4668193,0,0,2014-08-17
1297,1298,204.0,0,0,3,8,34,6.4668193,0,0,2014-08-18
1298,1299,171.0,0,1,3,8,34,6.4668193,0,0,2014-08-19
1299,1300,236.0,0,2,3,8,34,6.4668193,0,0,2014-08-20
1300,1301,309.0,0,3,3,8,34,6.4668193,0,0,2014-08-21
1301,1302,223.0,0,4,4,8,34,6.4668193,0,0,2014-08-22
1302,1303,261.0,1,5,4,8,34,6.512902,0,0,2014-08-23
1303,1304,305.0,1,6,4,8,34,6.512902,0,0,2014-08-24
1304,1305,263.0,0,0,4,8,35,6.512902,0,0,2014-08-25
1305,1306,172.0,0,1,4,8,35,6.512902,0,0,2014-08-26
1306,1307,187.0,0,2,4,8,35,6.512902,0,0,2014-08-27
1307,1308,224.0,0,3,4,8,35,6.512902,0,0,2014-08-28
1308,1309,226.0,0,4,5,8,35,6.512902,0,0,2014-08-29
1309,1310,264.0,1,5,5,8,35,6.520308,0,0,2014-08-30
1310,1311,316.0,1,6,5,8,35,6.520308,0,0,2014-08-31
1311,1312,297.0,0,0,1,9,36,6.520308,2,1,2014-09-01
1312,1313,259.0,0,1,1,9,36,6.520308,2,0,2014-09-02
1313,1314,193.0,0,2,1,9,36,6.520308,3,0,2014-09-03
1314,1315,189.0,0,3,1,9,36,6.520308,1,0,2014-09-04
1315,1316,268.0,0,4,1,9,36,6.520308,3,0,2014-09-05
1316,1317,267.0,1,5,1,9,36,6.519473,3,0,2014-09-06
1317,1318,245.0,1,6,1,9,36,6.519473,2,0,2014-09-07
1318,1319,268.0,0,0,2,9,37,6.519473,2,0,2014-09-08
1319,1320,183.0,0,1,2,9,37,6.519473,3,0,2014-09-09
1320,1321,189.0,0,2,2,9,37,6.519473,1,0,2014-09-10
1321,1322,177.0,0,3,2,9,37,6.519473,2,0,2014-09-11
1322,1323,231.0,0,4,2,9,37,6.519473,2,0,2014-09-12
1323,1324,344.0,1,5,2,9,37,6.5073714,1,0,2014-09-13
1324,1325,286.0,1,6,2,9,37,6.5073714,1,0,2014-09-14
1325,1326,195.0,0,0,3,9,38,6.5073714,2,0,2014-09-15
1326,1327,170.0,0,1,3,9,38,6.5073714,0,0,2014-09-16
1327,1328,192.0,0,2,3,9,38,6.5073714,0,0,2014-09-17
1328,1329,202.0,0,3,3,9,38,6.5073714,0,0,2014-09-18
1329,1330,289.0,0,4,3,9,38,6.5073714,0,0,2014-09-19
1330,1331,312.0,1,5,3,9,38,6.5073714,0,0,2014-09-20
1331,1332,379.0,1,6,3,9,38,6.5073714,0,0,2014-09-21
1332,1333,133.0,0,0,4,9,39,6.5073714,0,0,2014-09-22
1333,1334,215.0,0,1,4,9,39,6.5073714,0,0,2014-09-23
1334,1335,185.0,0,2,4,9,39,6.5073714,0,0,2014-09-24
1335,1336,171.0,0,3,4,9,39,6.5073714,0,0,2014-09-25
1336,1337,273.0,0,4,4,9,39,6.5073714,0,0,2014-09-26
1337,1338,224.0,1,5,4,9,39,6.5320907,0,0,2014-09-27
1338,1339,248.0,1,6,4,9,39,6.5320907,0,0,2014-09-28
1339,1340,183.0,0,0,5,9,40,6.5320907,0,0,2014-09-29
1340,1341,226.0,0,1,5,9,40,6.5320907,0,0,2014-09-30
1341,1342,306.0,0,2,1,10,40,6.5320907,2,0,2014-10-01
1342,1343,247.0,0,3,1,10,40,6.5320907,2,0,2014-10-02
1343,1344,234.0,0,4,1,10,40,6.5320907,3,0,2014-10-03
1344,1345,342.0,1,5,1,10,40,6.5392485,1,1,2014-10-04
1345,1346,277.0,1,6,1,10,40,6.5392485,3,0,2014-10-05
1346,1347,213.0,0,0,1,10,41,6.5392485,3,0,2014-10-06
1347,1348,261.0,0,1,1,10,41,6.5392485,2,0,2014-10-07
1348,1349,356.0,0,2,2,10,41,6.5392485,2,0,2014-10-08
1349,1350,201.0,0,3,2,10,41,6.5392485,3,0,2014-10-09
1350,1351,259.0,0,4,2,10,41,6.5392485,1,0,2014-10-10
1351,1352,282.0,1,5,2,10,41,6.539541,2,0,2014-10-11
1352,1353,306.0,1,6,2,10,41,6.539541,2,0,2014-10-12
1353,1354,199.0,0,0,2,10,42,6.539541,1,1,2014-10-13
1354,1355,271.0,0,1,2,10,42,6.539541,1,0,2014-10-14
1355,1356,185.0,0,2,3,10,42,6.539541,2,0,2014-10-15
1356,1357,281.0,0,3,3,10,42,6.539541,0,0,2014-10-16
1357,1358,235.0,0,4,3,10,42,6.539541,0,0,2014-10-17
1358,1359,310.0,1,5,3,10,42,6.5386095,0,0,2014-10-18
1359,1360,338.0,1,6,3,10,42,6.5386095,0,0,2014-10-19
1360,1361,194.0,0,0,3,10,43,6.5386095,0,0,2014-10-20
1361,1362,205.0,0,1,3,10,43,6.5386095,0,0,2014-10-21
1362,1363,235.0,0,2,4,10,43,6.5386095,0,0,2014-10-22
1363,1364,220.0,0,3,4,10,43,6.5386095,0,0,2014-10-23
1364,1365,340.0,0,4,4,10,43,6.5386095,0,0,2014-10-24
1365,1366,263.0,1,5,4,10,43,6.534744,0,0,2014-10-25
1366,1367,263.0,1,6,4,10,43,6.534744,0,0,2014-10-26
1367,1368,219.0,0,0,4,10,44,6.534744,0,0,2014-10-27
1368,1369,290.0,0,1,4,10,44,6.534744,0,0,2014-10-28
1369,1370,178.0,0,2,5,10,44,6.534744,0,0,2014-10-29
1370,1371,214.0,0,3,5,10,44,6.534744,0,0,2014-10-30
1371,1372,257.0,0,4,5,10,44,6.534744,0,1,2014-10-31
1372,1373,309.0,1,5,1,11,44,6.5353327,2,0,2014-11-01
1373,1374,323.0,1,6,1,11,44,6.5353327,2,0,2014-11-02
1374,1375,310.0,0,0,1,11,45,6.5353327,3,0,2014-11-03
1375,1376,389.0,0,1,1,11,45,6.5353327,1,0,2014-11-04
1376,1377,230.0,0,2,1,11,45,6.5353327,3,0,2014-11-05
1377,1378,262.0,0,3,1,11,45,6.5353327,3,0,2014-11-06
1378,1379,279.0,0,4,1,11,45,6.5353327,2,0,2014-11-07
1379,1380,392.0,1,5,2,11,45,6.535529,2,0,2014-11-08
1380,1381,275.0,1,6,2,11,45,6.535529,3,0,2014-11-09
1381,1382,300.0,0,0,2,11,46,6.535529,1,0,2014-11-10
1382,1383,297.0,0,1,2,11,46,6.535529,2,1,2014-11-11
1383,1384,186.0,0,2,2,11,46,6.535529,2,0,2014-11-12
1384,1385,167.0,0,3,2,11,46,6.535529,1,0,2014-11-13
1385,1386,289.0,0,4,2,11,46,6.535529,1,0,2014-11-14
1386,1387,368.0,1,5,3,11,46,6.535529,2,0,2014-11-15
1387,1388,382.0,1,6,3,11,46,6.535529,0,0,2014-11-16
1388,1389,252.0,0,0,3,11,47,6.535529,0,0,2014-11-17
1389,1390,234.0,0,1,3,11,47,6.535529,0,0,2014-11-18
1390,1391,204.0,0,2,3,11,47,6.535529,0,0,2014-11-19
1391,1392,212.0,0,3,3,11,47,6.535529,0,0,2014-11-20
1392,1393,213.0,0,4,3,11,47,6.535529,0,0,2014-11-21
1393,1394,353.0,1,5,4,11,47,6.535529,0,0,2014-11-22
1394,1395,364.0,1,6,4,11,47,6.535529,0,0,2014-11-23
1395,1396,316.0,0,0,4,11,48,6.535529,0,0,2014-11-24
1396,1397,229.0,0,1,4,11,48,6.535529,0,0,2014-11-25
1397,1398,265.0,0,2,4,11,48,6.535529,0,0,2014-11-26
1398,1399,180.0,0,3,4,11,48,6.535529,0,1,2014-11-27
1399,1400,234.0,0,4,4,11,48,6.535529,0,0,2014-11-28
1400,1401,300.0,1,5,5,11,48,6.5439425,0,0,2014-11-29
1401,1402,301.0,1,6,5,11,48,6.5439425,0,0,2014-11-30
1402,1403,326.0,0,0,1,12,49,6.5439425,2,0,2014-12-01
1403,1404,322.0,0,1,1,12,49,6.5439425,2,0,2014-12-02
1404,1405,224.0,0,2,1,12,49,6.5439425,3,0,2014-12-03
1405,1406,197.0,0,3,1,12,49,6.5439425,1,0,2014-12-04
1406,1407,308.0,0,4,1,12,49,6.5439425,3,0,2014-12-05
1407,1408,334.0,1,5,1,12,49,6.5439425,3,0,2014-12-06
1408,1409,385.0,1,6,1,12,49,6.5439425,2,0,2014-12-07
1409,1410,245.0,0,0,2,12,50,6.5439425,2,0,2014-12-08
1410,1411,268.0,0,1,2,12,50,6.5439425,3,0,2014-12-09
1411,1412,181.0,0,2,2,12,50,6.5439425,1,0,2014-12-10
1412,1413,166.0,0,3,2,12,50,6.5439425,2,0,2014-12-11
1413,1414,288.0,0,4,2,12,50,6.5439425,2,0,2014-12-12
1414,1415,242.0,1,5,2,12,50,6.5439425,1,0,2014-12-13
1415,1416,351.0,1,6,2,12,50,6.5439425,1,0,2014-12-14
1416,1417,315.0,0,0,3,12,51,6.5439425,2,0,2014-12-15
1417,1418,210.0,0,1,3,12,51,6.5439425,0,0,2014-12-16
1418,1419,188.0,0,2,3,12,51,6.5439425,0,0,2014-12-17
1419,1420,310.0,0,3,3,12,51,6.5439425,0,0,2014-12-18
1420,1421,310.0,0,4,3,12,51,6.5439425,0,0,2014-12-19
1421,1422,306.0,1,5,3,12,51,6.5724792,0,0,2014-12-20
1422,1423,285.0,1,6,3,12,51,6.5724792,0,0,2014-12-21
1423,1424,251.0,0,0,4,12,52,6.5724792,0,0,2014-12-22
1424,1425,281.0,0,1,4,12,52,6.5724792,0,0,2014-12-23
1425,1426,207.0,0,2,4,12,52,6.5724792,0,1,2014-12-24
1426,1427,0.0,0,3,4,12,52,6.5724792,0,1,2014-12-25
1427,1428,354.0,0,4,4,12,52,6.5724792,0,0,2014-12-26
1428,1429,280.0,1,5,4,12,52,6.564529,0,0,2014-12-27
1429,1430,300.0,1,6,4,12,52,6.564529,0,0,2014-12-28
1430,1431,263.0,0,0,5,12,1,6.564529,0,0,2014-12-29
1431,1432,267.0,0,1,5,12,1,6.564529,0,0,2014-12-30
1432,1433,351.0,0,2,5,12,1,6.564529,0,0,2014-12-31
1433,1434,210.0,0,3,1,1,1,6.564529,2,1,2015-01-01
1434,1435,373.0,0,4,1,1,1,6.564529,2,0,2015-01-02
1435,1436,281.0,1,5,1,1,1,6.543275,3,0,2015-01-03
1436,1437,277.0,1,6,1,1,1,6.543275,1,0,2015-01-04
1437,1438,294.0,0,0,1,1,2,6.543275,3,0,2015-01-05
1438,1439,323.0,0,1,1,1,2,6.543275,3,0,2015-01-06
1439,1440,213.0,0,2,1,1,2,6.543275,2,1,2015-01-07
1440,1441,226.0,0,3,2,1,2,6.543275,2,0,2015-01-08
1441,1442,269.0,0,4,2,1,2,6.543275,3,0,2015-01-09
1442,1443,290.0,1,5,2,1,2,6.543275,1,0,2015-01-10
1443,1444,306.0,1,6,2,1,2,6.543275,2,0,2015-01-11
1444,1445,323.0,0,0,2,1,3,6.543275,2,0,2015-01-12
1445,1446,186.0,0,1,2,1,3,6.543275,1,0,2015-01-13
1446,1447,219.0,0,2,2,1,3,6.543275,1,0,2015-01-14
1447,1448,224.0,0,3,3,1,3,6.543275,2,0,2015-01-15
1448,1449,315.0,0,4,3,1,3,6.543275,0,0,2015-01-16
1449,1450,361.0,1,5,3,1,3,6.5504074,0,0,2015-01-17
1450,1451,364.0,1,6,3,1,3,6.5504074,0,0,2015-01-18
1451,1452,277.0,0,0,3,1,4,6.5504074,0,1,2015-01-19
1452,1453,286.0,0,1,3,1,4,6.5504074,0,0,2015-01-20
1453,1454,248.0,0,2,3,1,4,6.5504074,0,0,2015-01-21
1454,1455,218.0,0,3,4,1,4,6.5504074,0,0,2015-01-22
1455,1456,239.0,0,4,4,1,4,6.5504074,0,0,2015-01-23
1456,1457,328.0,1,5,4,1,4,6.5623016,0,0,2015-01-24
1457,1458,351.0,1,6,4,1,4,6.5623016,0,0,2015-01-25
1458,1459,365.0,0,0,4,1,5,6.5623016,0,0,2015-01-26
1459,1460,215.0,0,1,4,1,5,6.5623016,0,0,2015-01-27
1460,1461,207.0,0,2,4,1,5,6.5623016,0,0,2015-01-28
1461,1462,343.0,0,3,5,1,5,6.5623016,0,0,2015-01-29
1462,1463,359.0,0,4,5,1,5,6.5623016,0,0,2015-01-30
1463,1464,392.0,1,5,5,1,5,6.570288,0,0,2015-01-31
1464,1465,349.0,1,6,1,2,5,6.570288,2,1,2015-02-01
1465,1466,234.0,0,0,1,2,6,6.570288,2,0,2015-02-02
1466,1467,287.0,0,1,1,2,6,6.570288,3,0,2015-02-03
1467,1468,288.0,0,2,1,2,6,6.570288,1,0,2015-02-04
1468,1469,328.0,0,3,1,2,6,6.570288,3,0,2015-02-05
1469,1470,299.0,0,4,1,2,6,6.570288,3,0,2015-02-06
1470,1471,369.0,1,5,1,2,6,6.5703855,2,0,2015-02-07
1471,1472,425.0,1,6,2,2,6,6.5703855,2,0,2015-02-08
1472,1473,255.0,0,0,2,2,7,6.5703855,3,0,2015-02-09
1473,1474,287.0,0,1,2,2,7,6.5703855,1,0,2015-02-10
1474,1475,267.0,0,2,2,2,7,6.5703855,2,0,2015-02-11
1475,1476,342.0,0,3,2,2,7,6.5703855,2,0,2015-02-12
1476,1477,346.0,0,4,2,2,7,6.5703855,1,0,2015-02-13
1477,1478,419.0,1,5,2,2,7,6.57126,1,1,2015-02-14
1478,1479,490.0,1,6,3,2,7,6.57126,2,0,2015-02-15
1479,1480,315.0,0,0,3,2,8,6.57126,0,1,2015-02-16
1480,1481,267.0,0,1,3,2,8,6.57126,0,0,2015-02-17
1481,1482,250.0,0,2,3,2,8,6.57126,0,1,2015-02-18
1482,1483,315.0,0,3,3,2,8,6.57126,0,0,2015-02-19
1483,1484,343.0,0,4,3,2,8,6.57126,0,0,2015-02-20
1484,1485,379.0,1,5,3,2,8,6.5593424,0,0,2015-02-21
1485,1486,408.0,1,6,4,2,8,6.5593424,0,0,2015-02-22
1486,1487,292.0,0,0,4,2,9,6.5593424,0,0,2015-02-23
1487,1488,261.0,0,1,4,2,9,6.5593424,0,0,2015-02-24
1488,1489,233.0,0,2,4,2,9,6.5593424,0,1,2015-02-25
1489,1490,308.0,0,3,4,2,9,6.5593424,0,0,2015-02-26
1490,1491,322.0,0,4,4,2,9,6.5593424,0,0,2015-02-27
1491,1492,386.0,1,5,4,2,9,6.5680537,0,0,2015-02-28
1492,1493,404.0,1,6,1,3,9,6.5680537,2,0,2015-03-01
1493,1494,326.0,0,0,1,3,10,6.5680537,2,0,2015-03-02
1494,1495,324.0,0,1,1,3,10,6.5680537,3,0,2015-03-03
1495,1496,329.0,0,2,1,3,10,6.5680537,1,0,2015-03-04
1496,1497,269.0,0,3,1,3,10,6.5680537,3,1,2015-03-05
1497,1498,307.0,0,4,1,3,10,6.5680537,3,0,2015-03-06
1498,1499,379.0,1,5,1,3,10,6.5680537,2,0,2015-03-07
1499,1500,398.0,1,6,2,3,10,6.5680537,2,0,2015-03-08
1500,1501,272.0,0,0,2,3,11,6.5680537,3,0,2015-03-09
1501,1502,400.0,0,1,2,3,11,6.5680537,1,0,2015-03-10
1502,1503,233.0,0,2,2,3,11,6.5680537,2,0,2015-03-11
1503,1504,367.0,0,3,2,3,11,6.5680537,2,0,2015-03-12
1504,1505,289.0,0,4,2,3,11,6.5680537,1,0,2015-03-13
1505,1506,331.0,1,5,2,3,11,6.563568,1,0,2015-03-14
1506,1507,414.0,1,6,3,3,11,6.563568,2,0,2015-03-15
1507,1508,293.0,0,0,3,3,12,6.563568,0,0,2015-03-16
1508,1509,272.0,0,1,3,3,12,6.563568,0,1,2015-03-17
1509,1510,254.0,0,2,3,3,12,6.563568,0,0,2015-03-18
1510,1511,257.0,0,3,3,3,12,6.563568,0,0,2015-03-19
1511,1512,402.0,0,4,3,3,12,6.563568,0,0,2015-03-20
1512,1513,268.0,1,5,3,3,12,6.5470343,0,0,2015-03-21
1513,1514,414.0,1,6,4,3,12,6.5470343,0,0,2015-03-22
1514,1515,313.0,0,0,4,3,13,6.5470343,0,0,2015-03-23
1515,1516,270.0,0,1,4,3,13,6.5470343,0,0,2015-03-24
1516,1517,268.0,0,2,4,3,13,6.5470343,0,0,2015-03-25
1517,1518,308.0,0,3,4,3,13,6.5470343,0,0,2015-03-26
1518,1519,325.0,0,4,4,3,13,6.5470343,0,0,2015-03-27
1519,1520,397.0,1,5,4,3,13,6.5643854,0,0,2015-03-28
1520,1521,330.0,1,6,5,3,13,6.5643854,0,0,2015-03-29
1521,1522,397.0,0,0,5,3,14,6.5643854,0,0,2015-03-30
1522,1523,317.0,0,1,5,3,14,6.5643854,0,0,2015-03-31
1523,1524,289.0,0,2,1,4,14,6.5643854,2,0,2015-04-01
1524,1525,314.0,0,3,1,4,14,6.5643854,2,0,2015-04-02
1525,1526,410.0,0,4,1,4,14,6.5643854,3,0,2015-04-03
1526,1527,421.0,1,5,1,4,14,6.5686407,1,0,2015-04-04
1527,1528,322.0,1,6,1,4,14,6.5686407,3,1,2015-04-05
1528,1529,320.0,0,0,1,4,15,6.5686407,3,0,2015-04-06
1529,1530,363.0,0,1,1,4,15,6.5686407,2,0,2015-04-07
1530,1531,292.0,0,2,2,4,15,6.5686407,2,0,2015-04-08
1531,1532,385.0,0,3,2,4,15,6.5686407,3,0,2015-04-09
1532,1533,323.0,0,4,2,4,15,6.5686407,1,0,2015-04-10
1533,1534,331.0,1,5,2,4,15,6.569637,2,1,2015-04-11
1534,1535,446.0,1,6,2,4,15,6.569637,2,1,2015-04-12
1535,1536,303.0,0,0,2,4,16,6.569637,1,0,2015-04-13
1536,1537,234.0,0,1,2,4,16,6.569637,1,0,2015-04-14
1537,1538,316.0,0,2,3,4,16,6.569637,2,0,2015-04-15
1538,1539,189.0,0,3,3,4,16,6.569637,0,0,2015-04-16
1539,1540,294.0,0,4,3,4,16,6.569637,0,0,2015-04-17
1540,1541,390.0,1,5,3,4,16,6.581601,0,0,2015-04-18
1541,1542,344.0,1,6,3,4,16,6.581601,0,0,2015-04-19
1542,1543,337.0,0,0,3,4,17,6.581601,0,0,2015-04-20
1543,1544,248.0,0,1,3,4,17,6.581601,0,0,2015-04-21
1544,1545,296.0,0,2,4,4,17,6.581601,0,0,2015-04-22
1545,1546,282.0,0,3,4,4,17,6.581601,0,0,2015-04-23
1546,1547,354.0,0,4,4,4,17,6.581601,0,0,2015-04-24
1547,1548,389.0,1,5,4,4,17,6.5868373,0,0,2015-04-25
1548,1549,365.0,1,6,4,4,17,6.5868373,0,0,2015-04-26
1549,1550,317.0,0,0,4,4,18,6.5868373,0,0,2015-04-27
1550,1551,268.0,0,1,4,4,18,6.5868373,0,0,2015-04-28
1551,1552,298.0,0,2,5,4,18,6.5868373,0,0,2015-04-29
1552,1553,307.0,0,3,5,4,18,6.5868373,0,0,2015-04-30
1553,1554,443.0,0,4,1,5,18,6.5868373,2,0,2015-05-01
1554,1555,399.0,1,5,1,5,18,6.5890393,2,0,2015-05-02
1555,1556,516.0,1,6,1,5,18,6.5890393,3,0,2015-05-03
1556,1557,332.0,0,0,1,5,19,6.5890393,1,0,2015-05-04
1557,1558,323.0,0,1,1,5,19,6.5890393,3,1,2015-05-05
1558,1559,337.0,0,2,1,5,19,6.5890393,3,0,2015-05-06
1559,1560,399.0,0,3,1,5,19,6.5890393,2,0,2015-05-07
1560,1561,357.0,0,4,2,5,19,6.5890393,2,0,2015-05-08
1561,1562,446.0,1,5,2,5,19,6.588821,3,0,2015-05-09
1562,1563,329.0,1,6,2,5,19,6.588821,1,1,2015-05-10
1563,1564,332.0,0,0,2,5,20,6.588821,2,0,2015-05-11
1564,1565,299.0,0,1,2,5,20,6.588821,2,0,2015-05-12
1565,1566,296.0,0,2,2,5,20,6.588821,1,0,2015-05-13
1566,1567,286.0,0,3,2,5,20,6.588821,1,0,2015-05-14
1567,1568,306.0,0,4,3,5,20,6.588821,2,0,2015-05-15
1568,1569,453.0,1,5,3,5,20,6.5827994,0,0,2015-05-16
1569,1570,414.0,1,6,3,5,20,6.5827994,0,0,2015-05-17
1570,1571,342.0,0,0,3,5,21,6.5827994,0,0,2015-05-18
1571,1572,278.0,0,1,3,5,21,6.5827994,0,0,2015-05-19
1572,1573,266.0,0,2,3,5,21,6.5827994,0,0,2015-05-20
1573,1574,280.0,0,3,3,5,21,6.5827994,0,0,2015-05-21
1574,1575,426.0,0,4,4,5,21,6.5827994,0,0,2015-05-22
1575,1576,545.0,1,5,4,5,21,6.5872564,0,0,2015-05-23
1576,1577,426.0,1,6,4,5,21,6.5872564,0,0,2015-05-24
1577,1578,327.0,0,0,4,5,22,6.5872564,0,1,2015-05-25
1578,1579,317.0,0,1,4,5,22,6.5872564,0,0,2015-05-26
1579,1580,233.0,0,2,4,5,22,6.5872564,0,0,2015-05-27
1580,1581,292.0,0,3,4,5,22,6.5872564,0,0,2015-05-28
1581,1582,391.0,0,4,5,5,22,6.5872564,0,0,2015-05-29
1582,1583,333.0,1,5,5,5,22,6.5869746,0,0,2015-05-30
1583,1584,456.0,1,6,5,5,22,6.5869746,0,0,2015-05-31
1584,1585,357.0,0,0,1,6,23,6.5869746,2,0,2015-06-01
1585,1586,241.0,0,1,1,6,23,6.5869746,2,0,2015-06-02
1586,1587,308.0,0,2,1,6,23,6.5869746,3,0,2015-06-03
1587,1588,317.0,0,3,1,6,23,6.5869746,1,1,2015-06-04
1588,1589,373.0,0,4,1,6,23,6.5869746,3,0,2015-06-05
1589,1590,391.0,1,5,1,6,23,6.5869746,3,0,2015-06-06
1590,1591,406.0,1,6,1,6,23,6.5869746,2,0,2015-06-07
1591,1592,317.0,0,0,2,6,24,6.5869746,2,0,2015-06-08
1592,1593,346.0,0,1,2,6,24,6.5869746,3,0,2015-06-09
1593,1594,264.0,0,2,2,6,24,6.5869746,1,0,2015-06-10
1594,1595,280.0,0,3,2,6,24,6.5869746,2,0,2015-06-11
1595,1596,360.0,0,4,2,6,24,6.5869746,2,0,2015-06-12
1596,1597,370.0,1,5,2,6,24,6.58683,1,0,2015-06-13
1597,1598,375.0,1,6,2,6,24,6.58683,1,0,2015-06-14
1598,1599,495.0,0,0,3,6,25,6.58683,2,0,2015-06-15
1599,1600,181.0,0,1,3,6,25,6.58683,0,1,2015-06-16
1600,1601,258.0,0,2,3,6,25,6.58683,0,0,2015-06-17
1601,1602,243.0,0,3,3,6,25,6.58683,0,1,2015-06-18
1602,1603,407.0,0,4,3,6,25,6.58683,0,0,2015-06-19
1603,1604,341.0,1,5,3,6,25,6.5873585,0,0,2015-06-20
1604,1605,313.0,1,6,3,6,25,6.5873585,0,1,2015-06-21
1605,1606,306.0,0,0,4,6,26,6.5873585,0,0,2015-06-22
1606,1607,229.0,0,1,4,6,26,6.5873585,0,0,2015-06-23
1607,1608,280.0,0,2,4,6,26,6.5873585,0,0,2015-06-24
1608,1609,241.0,0,3,4,6,26,6.5873585,0,0,2015-06-25
1609,1610,282.0,0,4,4,6,26,6.5873585,0,0,2015-06-26
1610,1611,374.0,1,5,4,6,26,6.5656123,0,0,2015-06-27
1611,1612,357.0,1,6,4,6,26,6.5656123,0,0,2015-06-28
1612,1613,303.0,0,0,5,6,27,6.5656123,0,0,2015-06-29
1613,1614,302.0,0,1,5,6,27,6.5656123,0,0,2015-06-30
1614,1615,273.0,0,2,1,7,27,6.5656123,2,0,2015-07-01
1615,1616,300.0,0,3,1,7,27,6.5656123,2,0,2015-07-02
1616,1617,424.0,0,4,1,7,27,6.5656123,3,0,2015-07-03
1617,1618,276.0,1,5,1,7,27,6.579396,1,1,2015-07-04
1618,1619,349.0,1,6,1,7,27,6.579396,3,0,2015-07-05
1619,1620,310.0,0,0,1,7,28,6.579396,3,0,2015-07-06
1620,1621,287.0,0,1,1,7,28,6.579396,2,0,2015-07-07
1621,1622,287.0,0,2,2,7,28,6.579396,2,0,2015-07-08
1622,1623,212.0,0,3,2,7,28,6.579396,3,0,2015-07-09
1623,1624,308.0,0,4,2,7,28,6.579396,1,0,2015-07-10
1624,1625,385.0,1,5,2,7,28,6.547939,2,0,2015-07-11
1625,1626,353.0,1,6,2,7,28,6.547939,2,0,2015-07-12
1626,1627,267.0,0,0,2,7,29,6.547939,1,0,2015-07-13
1627,1628,287.0,0,1,2,7,29,6.547939,1,0,2015-07-14
1628,1629,221.0,0,2,3,7,29,6.547939,2,0,2015-07-15
1629,1630,332.0,0,3,3,7,29,6.547939,0,0,2015-07-16
1630,1631,247.0,0,4,3,7,29,6.547939,0,0,2015-07-17
1631,1632,381.0,1,5,3,7,29,6.546425,0,1,2015-07-18
1632,1633,420.0,1,6,3,7,29,6.546425,0,0,2015-07-19
1633,1634,276.0,0,0,3,7,30,6.546425,0,0,2015-07-20
1634,1635,245.0,0,1,3,7,30,6.546425,0,0,2015-07-21
1635,1636,290.0,0,2,4,7,30,6.546425,0,0,2015-07-22
1636,1637,309.0,0,3,4,7,30,6.546425,0,0,2015-07-23
1637,1638,356.0,0,4,4,7,30,6.546425,0,0,2015-07-24
1638,1639,394.0,1,5,4,7,30,6.5481787,0,0,2015-07-25
1639,1640,448.0,1,6,4,7,30,6.5481787,0,0,2015-07-26
1640,1641,235.0,0,0,4,7,31,6.5481787,0,0,2015-07-27
1641,1642,265.0,0,1,4,7,31,6.5481787,0,0,2015-07-28
1642,1643,217.0,0,2,5,7,31,6.5481787,0,0,2015-07-29
1643,1644,231.0,0,3,5,7,31,6.5481787,0,0,2015-07-30
1644,1645,338.0,0,4,5,7,31,6.5481787,0,0,2015-07-31
1645,1646,369.0,1,5,1,8,31,6.569766,2,0,2015-08-01
1646,1647,358.0,1,6,1,8,31,6.569766,2,0,2015-08-02
1647,1648,362.0,0,0,1,8,32,6.569766,3,0,2015-08-03
1648,1649,326.0,0,1,1,8,32,6.569766,1,0,2015-08-04
1649,1650,298.0,0,2,1,8,32,6.569766,3,0,2015-08-05
1650,1651,273.0,0,3,1,8,32,6.569766,3,0,2015-08-06
1651,1652,302.0,0,4,1,8,32,6.569766,2,0,2015-08-07
1652,1653,288.0,1,5,2,8,32,6.559239,2,0,2015-08-08
1653,1654,385.0,1,6,2,8,32,6.559239,3,0,2015-08-09
1654,1655,343.0,0,0,2,8,33,6.559239,1,0,2015-08-10
1655,1656,238.0,0,1,2,8,33,6.559239,2,0,2015-08-11
1656,1657,255.0,0,2,2,8,33,6.559239,2,0,2015-08-12
1657,1658,273.0,0,3,2,8,33,6.559239,1,0,2015-08-13
1658,1659,343.0,0,4,2,8,33,6.559239,1,0,2015-08-14
1659,1660,402.0,1,5,3,8,33,6.568057,2,0,2015-08-15
1660,1661,362.0,1,6,3,8,33,6.568057,0,0,2015-08-16
1661,1662,255.0,0,0,3,8,34,6.568057,0,0,2015-08-17
1662,1663,283.0,0,1,3,8,34,6.568057,0,0,2015-08-18
1663,1664,225.0,0,2,3,8,34,6.568057,0,0,2015-08-19
1664,1665,170.0,0,3,3,8,34,6.568057,0,0,2015-08-20
1665,1666,283.0,0,4,3,8,34,6.568057,0,0,2015-08-21
1666,1667,407.0,1,5,4,8,34,6.5675735,0,0,2015-08-22
1667,1668,374.0,1,6,4,8,34,6.5675735,0,0,2015-08-23
1668,1669,381.0,0,0,4,8,35,6.5675735,0,0,2015-08-24
1669,1670,326.0,0,1,4,8,35,6.5675735,0,0,2015-08-25
1670,1671,299.0,0,2,4,8,35,6.5675735,0,0,2015-08-26
1671,1672,219.0,0,3,4,8,35,6.5675735,0,0,2015-08-27
1672,1673,323.0,0,4,4,8,35,6.5675735,0,0,2015-08-28
1673,1674,434.0,1,5,5,8,35,6.562348,0,0,2015-08-29
1674,1675,363.0,1,6,5,8,35,6.562348,0,0,2015-08-30
1675,1676,318.0,0,0,5,8,36,6.562348,0,0,2015-08-31
1676,1677,324.0,0,1,1,9,36,6.562348,2,0,2015-09-01
1677,1678,219.0,0,2,1,9,36,6.562348,2,0,2015-09-02
1678,1679,307.0,0,3,1,9,36,6.562348,3,0,2015-09-03
1679,1680,308.0,0,4,1,9,36,6.562348,1,0,2015-09-04
1680,1681,367.0,1,5,1,9,36,6.562348,3,0,2015-09-05
1681,1682,281.0,1,6,1,9,36,6.562348,3,0,2015-09-06
1682,1683,333.0,0,0,1,9,37,6.562348,2,1,2015-09-07
1683,1684,234.0,0,1,2,9,37,6.562348,2,0,2015-09-08
1684,1685,276.0,0,2,2,9,37,6.562348,3,0,2015-09-09
1685,1686,263.0,0,3,2,9,37,6.562348,1,0,2015-09-10
1686,1687,411.0,0,4,2,9,37,6.562348,2,0,2015-09-11
1687,1688,333.0,1,5,2,9,37,6.561775,2,0,2015-09-12
1688,1689,317.0,1,6,2,9,37,6.561775,1,0,2015-09-13
1689,1690,295.0,0,0,2,9,38,6.561775,1,0,2015-09-14
1690,1691,348.0,0,1,3,9,38,6.561775,2,0,2015-09-15
1691,1692,317.0,0,2,3,9,38,6.561775,0,0,2015-09-16
1692,1693,350.0,0,3,3,9,38,6.561775,0,0,2015-09-17
1693,1694,297.0,0,4,3,9,38,6.561775,0,0,2015-09-18
1694,1695,381.0,1,5,3,9,38,6.537577,0,0,2015-09-19
1695,1696,357.0,1,6,3,9,38,6.537577,0,0,2015-09-20
1696,1697,275.0,0,0,3,9,39,6.537577,0,0,2015-09-21
1697,1698,300.0,0,1,4,9,39,6.537577,0,0,2015-09-22
1698,1699,275.0,0,2,4,9,39,6.537577,0,0,2015-09-23
1699,1700,218.0,0,3,4,9,39,6.537577,0,1,2015-09-24
1700,1701,288.0,0,4,4,9,39,6.537577,0,0,2015-09-25
1701,1702,360.0,1,5,4,9,39,6.5382733,0,0,2015-09-26
1702,1703,398.0,1,6,4,9,39,6.5382733,0,0,2015-09-27
1703,1704,357.0,0,0,4,9,40,6.5382733,0,0,2015-09-28
1704,1705,257.0,0,1,5,9,40,6.5382733,0,0,2015-09-29
1705,1706,343.0,0,2,5,9,40,6.5382733,0,0,2015-09-30
1706,1707,290.0,0,3,1,10,40,6.5382733,2,0,2015-10-01
1707,1708,352.0,0,4,1,10,40,6.5382733,2,0,2015-10-02
1708,1709,401.0,1,5,1,10,40,6.552706,3,0,2015-10-03
1709,1710,408.0,1,6,1,10,40,6.552706,1,0,2015-10-04
1710,1711,296.0,0,0,1,10,41,6.552706,3,0,2015-10-05
1711,1712,357.0,0,1,1,10,41,6.552706,3,0,2015-10-06
1712,1713,291.0,0,2,1,10,41,6.552706,2,0,2015-10-07
1713,1714,378.0,0,3,2,10,41,6.552706,2,0,2015-10-08
1714,1715,333.0,0,4,2,10,41,6.552706,3,0,2015-10-09
1715,1716,394.0,1,5,2,10,41,6.55287,1,0,2015-10-10
1716,1717,400.0,1,6,2,10,41,6.55287,2,0,2015-10-11
1717,1718,301.0,0,0,2,10,42,6.55287,2,1,2015-10-12
1718,1719,306.0,0,1,2,10,42,6.55287,1,0,2015-10-13
1719,1720,216.0,0,2,2,10,42,6.55287,1,0,2015-10-14
1720,1721,322.0,0,3,3,10,42,6.55287,2,0,2015-10-15
1721,1722,303.0,0,4,3,10,42,6.55287,0,0,2015-10-16
1722,1723,475.0,1,5,3,10,42,6.5506587,0,0,2015-10-17
1723,1724,406.0,1,6,3,10,42,6.5506587,0,0,2015-10-18
1724,1725,330.0,0,0,3,10,43,6.5506587,0,0,2015-10-19
1725,1726,285.0,0,1,3,10,43,6.5506587,0,0,2015-10-20
1726,1727,314.0,0,2,3,10,43,6.5506587,0,0,2015-10-21
1727,1728,257.0,0,3,4,10,43,6.5506587,0,0,2015-10-22
1728,1729,413.0,0,4,4,10,43,6.5506587,0,0,2015-10-23
1729,1730,424.0,1,5,4,10,43,6.5508747,0,0,2015-10-24
1730,1731,349.0,1,6,4,10,43,6.5508747,0,0,2015-10-25
1731,1732,271.0,0,0,4,10,44,6.5508747,0,0,2015-10-26
1732,1733,288.0,0,1,4,10,44,6.5508747,0,0,2015-10-27
1733,1734,243.0,0,2,4,10,44,6.5508747,0,0,2015-10-28
1734,1735,363.0,0,3,5,10,44,6.5508747,0,0,2015-10-29
1735,1736,371.0,0,4,5,10,44,6.5508747,0,0,2015-10-30
1736,1737,376.0,1,5,5,10,44,6.5508747,0,1,2015-10-31
1737,1738,416.0,1,6,1,11,44,6.5508747,2,0,2015-11-01
1738,1739,310.0,0,0,1,11,45,6.5508747,2,0,2015-11-02
1739,1740,350.0,0,1,1,11,45,6.5508747,3,0,2015-11-03
1740,1741,316.0,0,2,1,11,45,6.5508747,1,0,2015-11-04
1741,1742,379.0,0,3,1,11,45,6.5508747,3,0,2015-11-05
1742,1743,398.0,0,4,1,11,45,6.5508747,3,0,2015-11-06
1743,1744,416.0,1,5,1,11,45,6.5498886,2,0,2015-11-07
1744,1745,397.0,1,6,2,11,45,6.5498886,2,0,2015-11-08
1745,1746,243.0,0,0,2,11,46,6.5498886,3,0,2015-11-09
1746,1747,304.0,0,1,2,11,46,6.5498886,1,0,2015-11-10
1747,1748,299.0,0,2,2,11,46,6.5498886,2,1,2015-11-11
1748,1749,348.0,0,3,2,11,46,6.5498886,2,0,2015-11-12
1749,1750,389.0,0,4,2,11,46,6.5498886,1,0,2015-11-13
1750,1751,328.0,1,5,2,11,46,6.5519543,1,0,2015-11-14
1751,1752,396.0,1,6,3,11,46,6.5519543,2,0,2015-11-15
1752,1753,301.0,0,0,3,11,47,6.5519543,0,0,2015-11-16
1753,1754,260.0,0,1,3,11,47,6.5519543,0,0,2015-11-17
1754,1755,274.0,0,2,3,11,47,6.5519543,0,0,2015-11-18
1755,1756,288.0,0,3,3,11,47,6.5519543,0,0,2015-11-19
1756,1757,374.0,0,4,3,11,47,6.5519543,0,0,2015-11-20
1757,1758,437.0,1,5,3,11,47,6.5473676,0,0,2015-11-21
1758,1759,429.0,1,6,4,11,47,6.5473676,0,0,2015-11-22
1759,1760,300.0,0,0,4,11,48,6.5473676,0,0,2015-11-23
1760,1761,341.0,0,1,4,11,48,6.5473676,0,0,2015-11-24
1761,1762,369.0,0,2,4,11,48,6.5473676,0,0,2015-11-25
1762,1763,163.0,0,3,4,11,48,6.5473676,0,1,2015-11-26
1763,1764,255.0,0,4,4,11,48,6.5473676,0,0,2015-11-27
1764,1765,305.0,1,5,4,11,48,6.5473676,0,0,2015-11-28
1765,1766,405.0,1,6,5,11,48,6.5473676,0,0,2015-11-29
1766,1767,324.0,0,0,5,11,49,6.5473676,0,0,2015-11-30
1767,1768,289.0,0,1,1,12,49,6.5473676,2,0,2015-12-01
1768,1769,326.0,0,2,1,12,49,6.5473676,2,0,2015-12-02
1769,1770,342.0,0,3,1,12,49,6.5473676,3,0,2015-12-03
1770,1771,361.0,0,4,1,12,49,6.5473676,1,0,2015-12-04
1771,1772,371.0,1,5,1,12,49,6.546086,3,0,2015-12-05
1772,1773,391.0,1,6,1,12,49,6.546086,3,0,2015-12-06
1773,1774,244.0,0,0,1,12,50,6.546086,2,0,2015-12-07
1774,1775,340.0,0,1,2,12,50,6.546086,2,0,2015-12-08
1775,1776,328.0,0,2,2,12,50,6.546086,3,0,2015-12-09
1776,1777,259.0,0,3,2,12,50,6.546086,1,0,2015-12-10
1777,1778,269.0,0,4,2,12,50,6.546086,2,0,2015-12-11
1778,1779,426.0,1,5,2,12,50,6.55085,2,0,2015-12-12
1779,1780,391.0,1,6,2,12,50,6.55085,1,0,2015-12-13
1780,1781,326.0,0,0,2,12,51,6.55085,1,1,2015-12-14
1781,1782,302.0,0,1,3,12,51,6.55085,2,0,2015-12-15
1782,1783,315.0,0,2,3,12,51,6.55085,0,0,2015-12-16
1783,1784,336.0,0,3,3,12,51,6.55085,0,0,2015-12-17
1784,1785,275.0,0,4,3,12,51,6.55085,0,0,2015-12-18
1785,1786,370.0,1,5,3,12,51,6.549892,0,0,2015-12-19
1786,1787,413.0,1,6,3,12,51,6.549892,0,0,2015-12-20
1787,1788,343.0,0,0,3,12,52,6.549892,0,0,2015-12-21
1788,1789,285.0,0,1,4,12,52,6.549892,0,0,2015-12-22
1789,1790,384.0,0,2,4,12,52,6.549892,0,0,2015-12-23
1790,1791,254.0,0,3,4,12,52,6.549892,0,0,2015-12-24
1791,1792,0.0,0,4,4,12,52,6.549892,0,1,2015-12-25
1792,1793,464.0,1,5,4,12,52,6.5416064,0,0,2015-12-26
1793,1794,315.0,1,6,4,12,52,6.5416064,0,0,2015-12-27
1794,1795,276.0,0,0,4,12,53,6.5416064,0,0,2015-12-28
1795,1796,343.0,0,1,5,12,53,6.5416064,0,0,2015-12-29
1796,1797,275.0,0,2,5,12,53,6.5416064,0,0,2015-12-30
1797,1798,331.0,0,3,5,12,53,6.5416064,0,0,2015-12-31
1798,1799,279.0,0,4,1,1,53,6.5416064,2,1,2016-01-01
1799,1800,369.0,1,5,1,1,53,6.5523677,2,0,2016-01-02
1800,1801,312.0,1,6,1,1,53,6.5523677,3,0,2016-01-03
1801,1802,335.0,0,0,1,1,1,6.5523677,1,0,2016-01-04
1802,1803,262.0,0,1,1,1,1,6.5523677,3,0,2016-01-05
1803,1804,229.0,0,2,1,1,1,6.5523677,3,0,2016-01-06
1804,1805,314.0,0,3,1,1,1,6.5523677,2,1,2016-01-07
1805,1806,324.0,0,4,2,1,1,6.5523677,2,0,2016-01-08
1806,1807,336.0,1,5,2,1,1,6.551269,3,0,2016-01-09
1807,1808,390.0,1,6,2,1,1,6.551269,1,0,2016-01-10
1808,1809,354.0,0,0,2,1,2,6.551269,2,0,2016-01-11
1809,1810,272.0,0,1,2,1,2,6.551269,2,0,2016-01-12
1810,1811,311.0,0,2,2,1,2,6.551269,1,0,2016-01-13
1811,1812,259.0,0,3,2,1,2,6.551269,1,0,2016-01-14
1812,1813,323.0,0,4,3,1,2,6.551269,2,0,2016-01-15
1813,1814,424.0,1,5,3,1,2,6.554912,0,0,2016-01-16
1814,1815,349.0,1,6,3,1,2,6.554912,0,0,2016-01-17
1815,1816,345.0,0,0,3,1,3,6.554912,0,1,2016-01-18
1816,1817,322.0,0,1,3,1,3,6.554912,0,0,2016-01-19
1817,1818,320.0,0,2,3,1,3,6.554912,0,0,2016-01-20
1818,1819,292.0,0,3,3,1,3,6.554912,0,0,2016-01-21
1819,1820,395.0,0,4,4,1,3,6.554912,0,0,2016-01-22
1820,1821,350.0,1,5,4,1,3,6.5537853,0,0,2016-01-23
1821,1822,363.0,1,6,4,1,3,6.5537853,0,0,2016-01-24
1822,1823,284.0,0,0,4,1,4,6.5537853,0,0,2016-01-25
1823,1824,242.0,0,1,4,1,4,6.5537853,0,0,2016-01-26
1824,1825,329.0,0,2,4,1,4,6.5537853,0,0,2016-01-27
1825,1826,291.0,0,3,4,1,4,6.5537853,0,0,2016-01-28
1826,1827,313.0,0,4,5,1,4,6.5537853,0,0,2016-01-29
1827,1828,447.0,1,5,5,1,4,6.543569,0,0,2016-01-30
1828,1829,538.0,1,6,5,1,4,6.543569,0,0,2016-01-31
1829,1830,313.0,0,0,1,2,5,6.543569,2,0,2016-02-01
1830,1831,270.0,0,1,1,2,5,6.543569,2,0,2016-02-02
1831,1832,348.0,0,2,1,2,5,6.543569,3,0,2016-02-03
1832,1833,413.0,0,3,1,2,5,6.543569,1,0,2016-02-04
1833,1834,396.0,0,4,1,2,5,6.543569,3,0,2016-02-05
1834,1835,432.0,1,5,1,2,5,6.543569,3,0,2016-02-06
1835,1836,416.0,1,6,1,2,5,6.543569,2,1,2016-02-07
1836,1837,325.0,0,0,2,2,6,6.543569,2,0,2016-02-08
1837,1838,289.0,0,1,2,2,6,6.543569,3,0,2016-02-09
1838,1839,327.0,0,2,2,2,6,6.543569,1,1,2016-02-10
1839,1840,324.0,0,3,2,2,6,6.543569,2,0,2016-02-11
1840,1841,368.0,0,4,2,2,6,6.543569,2,0,2016-02-12
1841,1842,490.0,1,5,2,2,6,6.544912,1,0,2016-02-13
1842,1843,449.0,1,6,2,2,6,6.544912,1,1,2016-02-14
1843,1844,337.0,0,0,3,2,7,6.544912,2,1,2016-02-15
1844,1845,254.0,0,1,3,2,7,6.544912,0,0,2016-02-16
1845,1846,342.0,0,2,3,2,7,6.544912,0,1,2016-02-17
1846,1847,329.0,0,3,3,2,7,6.544912,0,0,2016-02-18
1847,1848,365.0,0,4,3,2,7,6.544912,0,0,2016-02-19
1848,1849,430.0,1,5,3,2,7,6.545959,0,0,2016-02-20
1849,1850,458.0,1,6,3,2,7,6.545959,0,0,2016-02-21
1850,1851,373.0,0,0,4,2,8,6.545959,0,0,2016-02-22
1851,1852,301.0,0,1,4,2,8,6.545959,0,0,2016-02-23
1852,1853,288.0,0,2,4,2,8,6.545959,0,0,2016-02-24
1853,1854,270.0,0,3,4,2,8,6.545959,0,0,2016-02-25
1854,1855,316.0,0,4,4,2,8,6.545959,0,0,2016-02-26
1855,1856,320.0,1,5,4,2,8,6.543165,0,0,2016-02-27
1856,1857,401.0,1,6,4,2,8,6.543165,0,0,2016-02-28
1857,1858,279.0,0,0,5,2,9,6.543165,0,0,2016-02-29
1858,1859,320.0,0,1,1,3,9,6.543165,2,0,2016-03-01
1859,1860,257.0,0,2,1,3,9,6.543165,2,0,2016-03-02
1860,1861,337.0,0,3,1,3,9,6.543165,3,0,2016-03-03
1861,1862,340.0,0,4,1,3,9,6.543165,1,0,2016-03-04
1862,1863,332.0,1,5,1,3,9,6.543165,3,0,2016-03-05
1863,1864,371.0,1,6,1,3,9,6.543165,3,0,2016-03-06
1864,1865,310.0,0,0,1,3,10,6.543165,2,0,2016-03-07
1865,1866,320.0,0,1,2,3,10,6.543165,2,0,2016-03-08
1866,1867,273.0,0,2,2,3,10,6.543165,3,0,2016-03-09
1867,1868,233.0,0,3,2,3,10,6.543165,1,0,2016-03-10
1868,1869,235.0,0,4,2,3,10,6.543165,2,0,2016-03-11
1869,1870,378.0,1,5,2,3,10,6.543165,2,0,2016-03-12
1870,1871,279.0,1,6,2,3,10,6.543165,1,0,2016-03-13
1871,1872,423.0,0,0,2,3,11,6.543165,1,0,2016-03-14
1872,1873,294.0,0,1,3,3,11,6.543165,2,0,2016-03-15
1873,1874,316.0,0,2,3,3,11,6.543165,0,0,2016-03-16
1874,1875,352.0,0,3,3,3,11,6.543165,0,1,2016-03-17
1875,1876,283.0,0,4,3,3,11,6.543165,0,0,2016-03-18
1876,1877,434.0,1,5,3,3,11,6.543635,0,0,2016-03-19
1877,1878,408.0,1,6,3,3,11,6.543635,0,0,2016-03-20
1878,1879,284.0,0,0,3,3,12,6.543635,0,0,2016-03-21
1879,1880,263.0,0,1,4,3,12,6.543635,0,0,2016-03-22
1880,1881,385.0,0,2,4,3,12,6.543635,0,0,2016-03-23
1881,1882,340.0,0,3,4,3,12,6.543635,0,1,2016-03-24
1882,1883,330.0,0,4,4,3,12,6.543635,0,0,2016-03-25
1883,1884,398.0,1,5,4,3,12,6.54602,0,0,2016-03-26
1884,1885,419.0,1,6,4,3,12,6.54602,0,1,2016-03-27
1885,1886,255.0,0,0,4,3,13,6.54602,0,0,2016-03-28
1886,1887,265.0,0,1,5,3,13,6.54602,0,0,2016-03-29
1887,1888,295.0,0,2,5,3,13,6.54602,0,0,2016-03-30
1888,1889,278.0,0,3,5,3,13,6.54602,0,0,2016-03-31
1889,1890,436.0,0,4,1,4,13,6.54602,2,0,2016-04-01
1890,1891,434.0,1,5,1,4,13,6.542677,2,0,2016-04-02
1891,1892,438.0,1,6,1,4,13,6.542677,3,0,2016-04-03
1892,1893,363.0,0,0,1,4,14,6.542677,1,0,2016-04-04
1893,1894,294.0,0,1,1,4,14,6.542677,3,0,2016-04-05
1894,1895,299.0,0,2,1,4,14,6.542677,3,0,2016-04-06
1895,1896,287.0,0,3,1,4,14,6.542677,2,0,2016-04-07
1896,1897,322.0,0,4,2,4,14,6.542677,2,0,2016-04-08
1897,1898,359.0,1,5,2,4,14,6.5440855,3,0,2016-04-09
1898,1899,406.0,1,6,2,4,14,6.5440855,1,0,2016-04-10
1899,1900,342.0,0,0,2,4,15,6.5440855,2,0,2016-04-11
1900,1901,352.0,0,1,2,4,15,6.5440855,2,0,2016-04-12
1901,1902,337.0,0,2,2,4,15,6.5440855,1,0,2016-04-13
1902,1903,314.0,0,3,2,4,15,6.5440855,1,0,2016-04-14
1903,1904,424.0,0,4,3,4,15,6.5440855,2,0,2016-04-15
1904,1905,375.0,1,5,3,4,15,6.5440855,0,0,2016-04-16
1905,1906,456.0,1,6,3,4,15,6.5440855,0,0,2016-04-17
1906,1907,246.0,0,0,3,4,16,6.5440855,0,0,2016-04-18
1907,1908,340.0,0,1,3,4,16,6.5440855,0,0,2016-04-19
1908,1909,289.0,0,2,3,4,16,6.5440855,0,0,2016-04-20
1909,1910,266.0,0,3,3,4,16,6.5440855,0,0,2016-04-21
1910,1911,346.0,0,4,4,4,16,6.5440855,0,0,2016-04-22
1911,1912,425.0,1,5,4,4,16,6.5434093,0,0,2016-04-23
1912,1913,433.0,1,6,4,4,16,6.5434093,0,0,2016-04-24
1913,1914,289.0,0,0,4,4,17,6.5434093,0,0,2016-04-25
1914,1915,313.0,0,1,4,4,17,6.5434093,0,0,2016-04-26
1915,1916,323.0,0,2,4,4,17,6.5434093,0,0,2016-04-27
1916,1917,353.0,0,3,4,4,17,6.5434093,0,0,2016-04-28
1917,1918,371.0,0,4,5,4,17,6.5434093,0,0,2016-04-29
1918,1919,468.0,1,5,5,4,17,6.5434093,0,1,2016-04-30
1919,1920,429.0,1,6,1,5,17,6.5434093,2,1,2016-05-01
1920,1921,375.0,0,0,1,5,18,6.5434093,2,0,2016-05-02
1921,1922,397.0,0,1,1,5,18,6.5434093,3,0,2016-05-03
1922,1923,243.0,0,2,1,5,18,6.5434093,1,0,2016-05-04
1923,1924,317.0,0,3,1,5,18,6.5434093,3,1,2016-05-05
1924,1925,344.0,0,4,1,5,18,6.5434093,3,0,2016-05-06
1925,1926,422.0,1,5,1,5,18,6.5490623,2,0,2016-05-07
1926,1927,332.0,1,6,2,5,18,6.5490623,2,1,2016-05-08
1927,1928,364.0,0,0,2,5,19,6.5490623,3,0,2016-05-09
1928,1929,331.0,0,1,2,5,19,6.5490623,1,0,2016-05-10
1929,1930,336.0,0,2,2,5,19,6.5490623,2,0,2016-05-11
1930,1931,257.0,0,3,2,5,19,6.5490623,2,0,2016-05-12
1931,1932,301.0,0,4,2,5,19,6.5490623,1,0,2016-05-13
1932,1933,287.0,1,5,2,5,19,6.5398974,1,0,2016-05-14
1933,1934,443.0,1,6,3,5,19,6.5398974,2,0,2016-05-15
1934,1935,350.0,0,0,3,5,20,6.5398974,0,0,2016-05-16
1935,1936,368.0,0,1,3,5,20,6.5398974,0,0,2016-05-17
1936,1937,321.0,0,2,3,5,20,6.5398974,0,0,2016-05-18
1937,1938,235.0,0,3,3,5,20,6.5398974,0,0,2016-05-19
1938,1939,371.0,0,4,3,5,20,6.5398974,0,0,2016-05-20
1939,1940,445.0,1,5,3,5,20,6.5402594,0,0,2016-05-21
1940,1941,471.0,1,6,4,5,20,6.5402594,0,0,2016-05-22
1941,1942,0.0,0,0,4,5,21,6.5402594,0,0,2016-05-23
1942,1943,0.0,0,1,4,5,21,6.5402594,0,0,2016-05-24
1943,1944,0.0,0,2,4,5,21,6.5402594,0,0,2016-05-25
1944,1945,0.0,0,3,4,5,21,6.5402594,0,0,2016-05-26
1945,1946,0.0,0,4,4,5,21,6.5402594,0,0,2016-05-27
1946,1947,0.0,1,5,4,5,21,6.540644,0,0,2016-05-28
1947,1948,0.0,1,6,5,5,21,6.540644,0,0,2016-05-29
1948,1949,0.0,0,0,5,5,22,6.540644,0,1,2016-05-30
1949,1950,0.0,0,1,5,5,22,6.540644,0,0,2016-05-31
1950,1951,0.0,0,2,1,6,22,6.540644,2,0,2016-06-01
1951,1952,0.0,0,3,1,6,22,6.540644,2,1,2016-06-02
1952,1953,0.0,0,4,1,6,22,6.540644,3,0,2016-06-03
1953,1954,0.0,1,5,1,6,22,6.540644,1,0,2016-06-04
1954,1955,0.0,1,6,1,6,22,6.540644,3,0,2016-06-05
1955,1956,0.0,0,0,1,6,23,6.540644,3,0,2016-06-06
1956,1957,0.0,0,1,1,6,23,6.540644,2,1,2016-06-07
1957,1958,0.0,0,2,2,6,23,6.540644,2,0,2016-06-08
1958,1959,0.0,0,3,2,6,23,6.540644,3,0,2016-06-09
1959,1960,0.0,0,4,2,6,23,6.540644,1,0,2016-06-10
1960,1961,0.0,1,5,2,6,23,6.5409775,2,0,2016-06-11
1961,1962,0.0,1,6,2,6,23,6.5409775,2,0,2016-06-12
1962,1963,0.0,0,0,2,6,24,6.5409775,1,0,2016-06-13
1963,1964,0.0,0,1,2,6,24,6.5409775,1,0,2016-06-14
1964,1965,0.0,0,2,3,6,24,6.5409775,2,0,2016-06-15
1965,1966,0.0,0,3,3,6,24,6.5409775,0,0,2016-06-16
1966,1967,0.0,0,4,3,6,24,6.5409775,0,0,2016-06-17
1967,1968,0.0,1,5,3,6,24,6.5409775,0,0,2016-06-18
1968,1969,0.0,1,6,3,6,24,6.5409775,0,2,2016-06-19
